2015-08-25 15:05:31.764204,1440529531.76,4524.92331127,7356.27334848,32.244,0.05,
2015-08-25 15:05:31.789179,1440529531.79,4524.92331129,7356.27334834,32.242,0.05,
2015-08-25 15:05:31.836822,1440529531.84,4524.92331129,7356.27334834,32.242,0.03,
2015-08-25 15:05:31.872181,1440529531.87,4524.92331129,7356.27334834,32.242,0.03,
2015-08-25 15:05:31.907161,1440529531.91,4524.92331159,7356.27334818,32.243,0.03,
2015-08-25 15:05:31.951756,1440529531.95,4524.92331159,7356.27334818,32.243,0.03,
2015-08-25 15:05:31.987453,1440529531.99,4524.92331159,7356.27334818,32.243,0.03,
2015-08-25 15:05:32.032089,1440529532.03,4524.92331094,7356.27334755,32.241,0.05,
2015-08-25 15:05:32.067353,1440529532.07,4524.92331094,7356.27334755,32.241,0.05,
2015-08-25 15:05:32.108355,1440529532.11,4524.92331168,7356.27334765,32.24,0.03,
2015-08-25 15:05:32.147648,1440529532.15,4524.92331168,7356.27334765,32.24,0.03,
2015-08-25 15:05:32.187348,1440529532.19,4524.92331168,7356.27334765,32.24,0.03,
2015-08-25 15:05:32.228001,1440529532.23,4524.92331154,7356.27334715,32.242,0.03,
2015-08-25 15:05:32.267526,1440529532.27,4524.92331154,7356.27334715,32.242,0.03,
2015-08-25 15:05:32.313322,1440529532.31,4524.92331157,7356.2733475,32.241,0.04,
2015-08-25 15:05:32.348394,1440529532.35,4524.92331157,7356.2733475,32.241,0.04,
2015-08-25 15:05:32.392498,1440529532.39,4524.92331186,7356.27334622,32.236,0.04,
2015-08-25 15:05:32.426710,1440529532.43,4524.92331186,7356.27334622,32.236,0.03,
2015-08-25 15:05:32.468519,1440529532.47,4524.92331186,7356.27334622,32.236,0.03,
2015-08-25 15:05:32.506853,1440529532.51,4524.92331169,7356.27334603,32.237,0.03,
2015-08-25 15:05:32.547689,1440529532.55,4524.92331169,7356.27334603,32.237,0.03,
2015-08-25 15:05:32.588066,1440529532.59,4524.92331169,7356.27334603,32.237,0.03,
2015-08-25 15:05:32.631698,1440529532.63,4524.92331111,7356.27334662,32.232,0.02,
2015-08-25 15:05:32.667045,1440529532.67,4524.92331111,7356.27334662,32.232,0.02,
2015-08-25 15:05:32.708015,1440529532.71,4524.92331176,7356.27334642,32.232,0.01,
2015-08-25 15:05:32.747356,1440529532.75,4524.92331176,7356.27334642,32.232,0.01,
2015-08-25 15:05:32.787768,1440529532.79,4524.92331176,7356.27334642,32.232,0.01,
2015-08-25 15:05:32.827846,1440529532.83,4524.92331116,7356.27334763,32.236,0.04,
2015-08-25 15:05:32.867548,1440529532.87,4524.92331116,7356.27334763,32.236,0.04,
2015-08-25 15:05:32.911805,1440529532.91,4524.92331102,7356.27334874,32.235,0.06,
2015-08-25 15:05:32.947216,1440529532.95,4524.92331102,7356.27334874,32.235,0.06,
2015-08-25 15:05:32.987696,1440529532.99,4524.92331102,7356.27334874,32.235,0.06,
2015-08-25 15:05:33.031435,1440529533.03,4524.92331086,7356.27334881,32.234,0.05,
2015-08-25 15:05:33.067205,1440529533.07,4524.92331086,7356.27334881,32.234,0.05,
2015-08-25 15:05:33.107826,1440529533.11,4524.9233111,7356.27334921,32.234,0.05,
2015-08-25 15:05:33.151421,1440529533.15,4524.9233111,7356.27334921,32.234,0.05,
2015-08-25 15:05:33.187290,1440529533.19,4524.9233111,7356.27334921,32.234,0.05,
2015-08-25 15:05:33.227585,1440529533.23,4524.92331043,7356.27334973,32.235,0.05,
2015-08-25 15:05:33.271589,1440529533.27,4524.92331043,7356.27334973,32.235,0.05,
2015-08-25 15:05:33.307084,1440529533.31,4524.92331153,7356.27334885,32.237,0.02,
2015-08-25 15:05:33.347783,1440529533.35,4524.92331153,7356.27334885,32.237,0.02,
2015-08-25 15:05:33.391985,1440529533.39,4524.92331024,7356.27334938,32.234,0.02,
2015-08-25 15:05:33.427109,1440529533.43,4524.92331024,7356.27334938,32.234,0.04,
2015-08-25 15:05:33.467821,1440529533.47,4524.92331024,7356.27334938,32.234,0.04,
2015-08-25 15:05:33.511342,1440529533.51,4524.92331012,7356.27334886,32.234,0.05,
2015-08-25 15:05:33.547097,1440529533.55,4524.92331012,7356.27334886,32.234,0.05,
2015-08-25 15:05:33.587667,1440529533.59,4524.92331012,7356.27334886,32.234,0.05,
2015-08-25 15:05:33.628110,1440529533.63,4524.9233113,7356.27334998,32.234,0.02,
2015-08-25 15:05:33.668041,1440529533.67,4524.9233113,7356.27334998,32.234,0.02,
2015-08-25 15:05:33.712030,1440529533.71,4524.92331079,7356.27335027,32.232,0.04,
2015-08-25 15:05:33.746952,1440529533.75,4524.92331079,7356.27335027,32.232,0.04,
2015-08-25 15:05:33.789194,1440529533.79,4524.92331126,7356.27335003,32.23,0.04,
2015-08-25 15:05:33.827203,1440529533.83,4524.92331126,7356.27335003,32.23,0.01,
2015-08-25 15:05:33.867476,1440529533.87,4524.92331126,7356.27335003,32.23,0.01,
2015-08-25 15:05:33.907733,1440529533.91,4524.92331222,7356.27335044,32.23,0.02,
2015-08-25 15:05:33.947851,1440529533.95,4524.92331222,7356.27335044,32.23,0.02,
2015-08-25 15:05:33.993425,1440529533.99,4524.92331193,7356.27335032,32.229,0.02,
2015-08-25 15:05:34.028472,1440529534.03,4524.92331193,7356.27335032,32.229,0.01,
2015-08-25 15:05:34.067524,1440529534.07,4524.92331193,7356.27335032,32.229,0.01,
2015-08-25 15:05:34.108751,1440529534.11,4524.92331321,7356.27335065,32.23,0.03,
2015-08-25 15:05:34.147230,1440529534.15,4524.92331321,7356.27335065,32.23,0.03,
2015-08-25 15:05:34.187856,1440529534.19,4524.92331321,7356.27335065,32.23,0.03,
2015-08-25 15:05:34.227117,1440529534.23,4524.9233115,7356.27335053,32.228,0.03,
2015-08-25 15:05:34.271738,1440529534.27,4524.9233115,7356.27335053,32.228,0.03,
2015-08-25 15:05:34.307410,1440529534.31,4524.92331165,7356.27335048,32.228,0.04,
2015-08-25 15:05:34.348456,1440529534.35,4524.92331165,7356.27335048,32.228,0.04,
2015-08-25 15:05:34.387283,1440529534.39,4524.92331165,7356.27335048,32.228,0.04,
2015-08-25 15:05:34.427899,1440529534.43,4524.92331067,7356.27335018,32.227,0.06,
2015-08-25 15:05:34.472362,1440529534.47,4524.92331067,7356.27335018,32.227,0.06,
2015-08-25 15:05:34.508843,1440529534.51,4524.92331107,7356.27335002,32.228,0.06,
2015-08-25 15:05:34.547470,1440529534.55,4524.92331107,7356.27335002,32.228,0.06,
2015-08-25 15:05:34.588905,1440529534.59,4524.92331107,7356.27335002,32.228,0.06,
2015-08-25 15:05:34.627239,1440529534.63,4524.9233102,7356.27334985,32.228,0.07,
2015-08-25 15:05:34.667768,1440529534.67,4524.9233102,7356.27334985,32.228,0.07,
2015-08-25 15:05:34.713593,1440529534.71,4524.92331067,7356.27334926,32.229,0.06,
2015-08-25 15:05:34.752407,1440529534.75,4524.92331067,7356.27334926,32.229,0.06,
2015-08-25 15:05:34.787338,1440529534.79,4524.92331067,7356.27334926,32.229,0.06,
2015-08-25 15:05:34.828433,1440529534.83,4524.9233103,7356.27335015,32.227,0.04,
2015-08-25 15:05:34.868411,1440529534.87,4524.9233103,7356.27335015,32.227,0.04,
2015-08-25 15:05:34.907779,1440529534.91,4524.92331019,7356.27334961,32.228,0.05,
2015-08-25 15:05:34.947233,1440529534.95,4524.92331019,7356.27334961,32.228,0.05,
2015-08-25 15:05:34.991674,1440529534.99,4524.92330965,7356.27335031,32.226,0.05,
2015-08-25 15:05:35.027075,1440529535.03,4524.92330965,7356.27335031,32.226,0.04,
2015-08-25 15:05:35.067481,1440529535.07,4524.92330965,7356.27335031,32.226,0.04,
2015-08-25 15:05:35.108817,1440529535.11,4524.92331023,7356.27335049,32.226,0.04,
2015-08-25 15:05:35.147578,1440529535.15,4524.92331023,7356.27335049,32.226,0.04,
2015-08-25 15:05:35.188774,1440529535.19,4524.92331023,7356.27335049,32.226,0.04,
2015-08-25 15:05:35.228432,1440529535.23,4524.92331214,7356.27334359,32.23,0.15,
2015-08-25 15:05:35.267601,1440529535.27,4524.92331214,7356.27334359,32.23,0.15,
2015-08-25 15:05:35.308773,1440529535.31,4524.9233163,7356.27333283,32.229,0.33,
2015-08-25 15:05:35.347176,1440529535.35,4524.9233163,7356.27333283,32.229,0.33,
2015-08-25 15:05:35.387847,1440529535.39,4524.9233163,7356.27333283,32.229,0.33,
2015-08-25 15:05:35.432527,1440529535.43,4524.92332192,7356.27331759,32.228,0.61,
2015-08-25 15:05:35.468408,1440529535.47,4524.92332192,7356.27331759,32.228,0.61,
2015-08-25 15:05:35.507508,1440529535.51,4524.92333054,7356.27329574,32.229,0.92,
2015-08-25 15:05:35.548328,1440529535.55,4524.92333054,7356.27329574,32.229,0.92,
2015-08-25 15:05:35.588562,1440529535.59,4524.92333054,7356.27329574,32.229,0.92,
2015-08-25 15:05:35.627372,1440529535.63,4524.92333676,7356.27327441,32.231,1.13,
2015-08-25 15:05:35.668507,1440529535.67,4524.92333676,7356.27327441,32.231,1.13,
2015-08-25 15:05:35.708861,1440529535.71,4524.92334678,7356.27324803,32.234,1.34,
2015-08-25 15:05:35.747365,1440529535.75,4524.92334678,7356.27324803,32.234,1.34,
2015-08-25 15:05:35.788829,1440529535.79,4524.92334678,7356.27324803,32.234,1.34,
2015-08-25 15:05:35.828551,1440529535.83,4524.92335434,7356.27321849,32.233,1.54,
2015-08-25 15:05:35.867496,1440529535.87,4524.92335434,7356.27321849,32.233,1.54,
2015-08-25 15:05:35.908926,1440529535.91,4524.92336578,7356.27318334,32.233,1.76,
2015-08-25 15:05:35.947238,1440529535.95,4524.92336578,7356.27318334,32.233,1.76,
2015-08-25 15:05:35.987861,1440529535.99,4524.92336578,7356.27318334,32.233,1.76,
2015-08-25 15:05:36.032739,1440529536.03,4524.92337863,7356.27315205,32.233,1.86,
2015-08-25 15:05:36.068492,1440529536.07,4524.92337863,7356.27315205,32.233,1.86,
2015-08-25 15:05:36.107661,1440529536.11,4524.92339338,7356.27311058,32.233,2.08,
2015-08-25 15:05:36.148421,1440529536.15,4524.92339338,7356.27311058,32.233,2.08,
2015-08-25 15:05:36.188734,1440529536.19,4524.92339338,7356.27311058,32.233,2.08,
2015-08-25 15:05:36.227452,1440529536.23,4524.92340799,7356.27306279,32.232,2.39,
2015-08-25 15:05:36.268373,1440529536.27,4524.92340799,7356.27306279,32.232,2.39,
2015-08-25 15:05:36.308632,1440529536.31,4524.92342692,7356.27301039,32.233,2.64,
2015-08-25 15:05:36.347770,1440529536.35,4524.92342692,7356.27301039,32.233,2.64,
2015-08-25 15:05:36.393221,1440529536.39,4524.92344683,7356.27295359,32.236,2.64,
2015-08-25 15:05:36.428353,1440529536.43,4524.92344683,7356.27295359,32.236,2.96,
2015-08-25 15:05:36.467813,1440529536.47,4524.92344683,7356.27295359,32.236,2.96,
2015-08-25 15:05:36.513567,1440529536.51,4524.9234708,7356.27288552,32.235,3.35,
2015-08-25 15:05:36.548410,1440529536.55,4524.9234708,7356.27288552,32.235,3.35,
2015-08-25 15:05:36.587830,1440529536.59,4524.9234708,7356.27288552,32.235,3.35,
2015-08-25 15:05:36.633575,1440529536.63,4524.92350123,7356.27281751,32.236,3.74,
2015-08-25 15:05:36.668393,1440529536.67,4524.92350123,7356.27281751,32.236,3.74,
2015-08-25 15:05:36.707624,1440529536.71,4524.92353547,7356.27273926,32.235,4.15,
2015-08-25 15:05:36.748247,1440529536.75,4524.92353547,7356.27273926,32.235,4.15,
2015-08-25 15:05:36.791265,1440529536.79,4524.92356755,7356.27266267,32.234,4.15,
2015-08-25 15:05:36.827459,1440529536.83,4524.92356755,7356.27266267,32.234,4.4,
2015-08-25 15:05:36.868250,1440529536.87,4524.92356755,7356.27266267,32.234,4.4,
2015-08-25 15:05:36.908653,1440529536.91,4524.92360674,7356.27257624,32.233,4.75,
2015-08-25 15:05:36.947851,1440529536.95,4524.92360674,7356.27257624,32.233,4.75,
2015-08-25 15:05:36.993242,1440529536.99,4524.92364069,7356.27249077,32.236,4.75,
2015-08-25 15:05:37.028754,1440529537.03,4524.92364069,7356.27249077,32.236,4.92,
2015-08-25 15:05:37.067797,1440529537.07,4524.92364069,7356.27249077,32.236,4.92,
2015-08-25 15:05:37.112905,1440529537.11,4524.92367637,7356.27239851,32.238,5.09,
2015-08-25 15:05:37.147198,1440529537.15,4524.92367637,7356.27239851,32.238,5.09,
2015-08-25 15:05:37.188032,1440529537.19,4524.92367637,7356.27239851,32.238,5.09,
2015-08-25 15:05:37.227473,1440529537.23,4524.92370964,7356.27230851,32.237,5.12,
2015-08-25 15:05:37.271886,1440529537.27,4524.92370964,7356.27230851,32.237,5.12,
2015-08-25 15:05:37.307531,1440529537.31,4524.92374525,7356.27221116,32.237,5.23,
2015-08-25 15:05:37.348384,1440529537.35,4524.92374525,7356.27221116,32.237,5.23,
2015-08-25 15:05:37.391261,1440529537.39,4524.92378035,7356.27211609,32.241,5.23,
2015-08-25 15:05:37.427414,1440529537.43,4524.92378035,7356.27211609,32.241,5.27,
2015-08-25 15:05:37.468377,1440529537.47,4524.92378035,7356.27211609,32.241,5.27,
2015-08-25 15:05:37.511080,1440529537.51,4524.92381763,7356.27201583,32.242,5.36,
2015-08-25 15:05:37.547466,1440529537.55,4524.92381763,7356.27201583,32.242,5.36,
2015-08-25 15:05:37.588550,1440529537.59,4524.92381763,7356.27201583,32.242,5.36,
2015-08-25 15:05:37.631661,1440529537.63,4524.92385713,7356.2719257,32.247,5.26,
2015-08-25 15:05:37.667406,1440529537.67,4524.92385713,7356.2719257,32.247,5.26,
2015-08-25 15:05:37.708473,1440529537.71,4524.9238976,7356.27183039,32.254,5.26,
2015-08-25 15:05:37.750984,1440529537.75,4524.9238976,7356.27183039,32.254,5.26,
2015-08-25 15:05:37.787508,1440529537.79,4524.9238976,7356.27183039,32.254,5.26,
2015-08-25 15:05:37.828338,1440529537.83,4524.92393832,7356.27172993,32.25,5.38,
2015-08-25 15:05:37.871065,1440529537.87,4524.92393832,7356.27172993,32.25,5.38,
2015-08-25 15:05:37.907640,1440529537.91,4524.92398349,7356.27163107,32.252,5.45,
2015-08-25 15:05:37.948235,1440529537.95,4524.92398349,7356.27163107,32.252,5.45,
2015-08-25 15:05:37.992335,1440529537.99,4524.92402328,7356.27152946,32.257,5.45,
2015-08-25 15:05:38.029111,1440529538.03,4524.92402328,7356.27152946,32.257,5.51,
2015-08-25 15:05:38.067491,1440529538.07,4524.92402328,7356.27152946,32.257,5.51,
2015-08-25 15:05:38.108097,1440529538.11,4524.92406644,7356.27142223,32.253,5.65,
2015-08-25 15:05:38.143497,1440529538.14,4524.92406644,7356.27142223,32.253,5.65,
2015-08-25 15:05:38.184105,1440529538.18,4524.92406644,7356.27142223,32.253,5.65,
2015-08-25 15:05:38.228894,1440529538.23,4524.92410721,7356.27132566,32.253,5.54,
2015-08-25 15:05:38.262985,1440529538.26,4524.92410721,7356.27132566,32.253,5.54,
2015-08-25 15:05:38.306372,1440529538.31,4524.92414819,7356.27122167,32.25,5.56,
2015-08-25 15:05:38.344979,1440529538.34,4524.92414819,7356.27122167,32.25,5.56,
2015-08-25 15:05:38.383621,1440529538.38,4524.92414819,7356.27122167,32.25,5.56,
2015-08-25 15:05:38.423788,1440529538.42,4524.9241948,7356.2711135,32.255,5.77,
2015-08-25 15:05:38.463654,1440529538.46,4524.9241948,7356.2711135,32.255,5.77,
2015-08-25 15:05:38.508440,1440529538.51,4524.92424093,7356.27100483,32.256,5.86,
2015-08-25 15:05:38.543959,1440529538.54,4524.92424093,7356.27100483,32.256,5.86,
2015-08-25 15:05:38.584042,1440529538.58,4524.92424093,7356.27100483,32.256,5.86,
2015-08-25 15:05:38.623736,1440529538.62,4524.9242867,7356.27089371,32.255,6.0,
2015-08-25 15:05:38.663770,1440529538.66,4524.9242867,7356.27089371,32.255,6.0,
2015-08-25 15:05:38.709727,1440529538.71,4524.92433436,7356.27077469,32.256,6.23,
2015-08-25 15:05:38.745184,1440529538.75,4524.92433436,7356.27077469,32.256,6.23,
2015-08-25 15:05:38.784054,1440529538.78,4524.92433436,7356.27077469,32.256,6.23,
2015-08-25 15:05:38.823467,1440529538.82,4524.92437523,7356.27066117,32.27,6.21,
2015-08-25 15:05:38.864471,1440529538.86,4524.92437523,7356.27066117,32.27,6.21,
2015-08-25 15:05:38.907687,1440529538.91,4524.92442082,7356.27054165,32.278,6.31,
2015-08-25 15:05:38.943166,1440529538.94,4524.92442082,7356.27054165,32.278,6.31,
2015-08-25 15:05:38.984641,1440529538.98,4524.92442082,7356.27054165,32.278,6.31,
2015-08-25 15:05:39.023394,1440529539.02,4524.92447179,7356.27042769,32.278,6.37,
2015-08-25 15:05:39.063768,1440529539.06,4524.92447179,7356.27042769,32.278,6.37,
2015-08-25 15:05:39.108438,1440529539.11,4524.92452247,7356.27030956,32.282,6.43,
2015-08-25 15:05:39.149567,1440529539.15,4524.92452247,7356.27030956,32.282,6.43,
2015-08-25 15:05:39.187293,1440529539.19,4524.92452247,7356.27030956,32.282,6.43,
2015-08-25 15:05:39.223467,1440529539.22,4524.92456957,7356.27018906,32.285,6.52,
2015-08-25 15:05:39.264030,1440529539.26,4524.92456957,7356.27018906,32.285,6.52,
2015-08-25 15:05:39.309510,1440529539.31,4524.92462257,7356.27006805,32.285,6.6,
2015-08-25 15:05:39.344020,1440529539.34,4524.92462257,7356.27006805,32.285,6.6,
2015-08-25 15:05:39.383914,1440529539.38,4524.92462257,7356.27006805,32.285,6.6,
2015-08-25 15:05:39.428868,1440529539.43,4524.92467249,7356.26994191,32.289,6.76,
2015-08-25 15:05:39.463046,1440529539.46,4524.92467249,7356.26994191,32.289,6.76,
2015-08-25 15:05:39.504126,1440529539.5,4524.92472446,7356.26981821,32.293,6.8,
2015-08-25 15:05:39.549130,1440529539.55,4524.92472446,7356.26981821,32.293,6.8,
2015-08-25 15:05:39.584860,1440529539.58,4524.92472446,7356.26981821,32.293,6.8,
2015-08-25 15:05:39.623718,1440529539.62,4524.92477492,7356.2697046,32.294,6.63,
2015-08-25 15:05:39.664416,1440529539.66,4524.92477492,7356.2697046,32.294,6.63,
2015-08-25 15:05:39.708305,1440529539.71,4524.92482756,7356.26958356,32.296,6.64,
2015-08-25 15:05:39.743901,1440529539.74,4524.92482756,7356.26958356,32.296,6.64,
2015-08-25 15:05:39.784121,1440529539.78,4524.92482756,7356.26958356,32.296,6.64,
2015-08-25 15:05:39.823943,1440529539.82,4524.92487251,7356.26945242,32.296,6.76,
2015-08-25 15:05:39.865407,1440529539.87,4524.92487251,7356.26945242,32.296,6.76,
2015-08-25 15:05:39.903842,1440529539.9,4524.92492049,7356.26932334,32.299,6.79,
2015-08-25 15:05:39.948438,1440529539.95,4524.92492049,7356.26932334,32.299,6.79,
2015-08-25 15:05:39.984124,1440529539.98,4524.92492049,7356.26932334,32.299,6.79,
2015-08-25 15:05:40.023912,1440529540.02,4524.92497356,7356.26920291,32.304,6.75,
2015-08-25 15:05:40.068354,1440529540.07,4524.92497356,7356.26920291,32.304,6.75,
2015-08-25 15:05:40.104044,1440529540.1,4524.92502289,7356.26907167,32.304,6.85,
2015-08-25 15:05:40.143955,1440529540.14,4524.92502289,7356.26907167,32.304,6.85,
2015-08-25 15:05:40.184132,1440529540.18,4524.92502289,7356.26907167,32.304,6.85,
2015-08-25 15:05:40.225404,1440529540.23,4524.92507458,7356.26894142,32.307,6.96,
2015-08-25 15:05:40.263460,1440529540.26,4524.92507458,7356.26894142,32.307,6.96,
2015-08-25 15:05:40.304372,1440529540.3,4524.92513156,7356.26881211,32.309,7.04,
2015-08-25 15:05:40.345412,1440529540.35,4524.92513156,7356.26881211,32.309,7.04,
2015-08-25 15:05:40.383613,1440529540.38,4524.92513156,7356.26881211,32.309,7.04,
2015-08-25 15:05:40.424348,1440529540.42,4524.92518251,7356.26868031,32.306,7.1,
2015-08-25 15:05:40.465522,1440529540.47,4524.92518251,7356.26868031,32.306,7.1,
2015-08-25 15:05:40.503665,1440529540.5,4524.92523606,7356.26854448,32.308,7.2,
2015-08-25 15:05:40.544316,1440529540.54,4524.92523606,7356.26854448,32.308,7.2,
2015-08-25 15:05:40.585527,1440529540.59,4524.92523606,7356.26854448,32.308,7.2,
2015-08-25 15:05:40.623301,1440529540.62,4524.92528884,7356.26840508,32.32,7.36,
2015-08-25 15:05:40.664398,1440529540.66,4524.92528884,7356.26840508,32.32,7.36,
2015-08-25 15:05:40.705422,1440529540.71,4524.9253407,7356.26826415,32.322,7.45,
2015-08-25 15:05:40.743389,1440529540.74,4524.9253407,7356.26826415,32.322,7.45,
2015-08-25 15:05:40.784816,1440529540.78,4524.9253407,7356.26826415,32.322,7.45,
2015-08-25 15:05:40.823733,1440529540.82,4524.92539379,7356.26812122,32.315,7.58,
2015-08-25 15:05:40.864344,1440529540.86,4524.92539379,7356.26812122,32.315,7.58,
2015-08-25 15:05:40.904368,1440529540.9,4524.92545035,7356.26797722,32.318,7.7,
2015-08-25 15:05:40.945737,1440529540.95,4524.92545035,7356.26797722,32.318,7.7,
2015-08-25 15:05:40.983647,1440529540.98,4524.92545035,7356.26797722,32.318,7.7,
2015-08-25 15:05:41.024454,1440529541.02,4524.92551071,7356.26783753,32.324,7.75,
2015-08-25 15:05:41.065586,1440529541.07,4524.92551071,7356.26783753,32.324,7.75,
2015-08-25 15:05:41.103745,1440529541.1,4524.92557173,7356.26769366,32.323,7.85,
2015-08-25 15:05:41.144380,1440529541.14,4524.92557173,7356.26769366,32.323,7.85,
2015-08-25 15:05:41.185680,1440529541.19,4524.92557173,7356.26769366,32.323,7.85,
2015-08-25 15:05:41.223441,1440529541.22,4524.92562915,7356.26754659,32.326,7.94,
2015-08-25 15:05:41.264261,1440529541.26,4524.92562915,7356.26754659,32.326,7.94,
2015-08-25 15:05:41.305401,1440529541.31,4524.92568941,7356.2673986,32.325,8.02,
2015-08-25 15:05:41.343395,1440529541.34,4524.92568941,7356.2673986,32.325,8.02,
2015-08-25 15:05:41.384569,1440529541.38,4524.92568941,7356.2673986,32.325,8.02,
2015-08-25 15:05:41.425412,1440529541.43,4524.92574517,7356.26724607,32.331,8.11,
2015-08-25 15:05:41.463413,1440529541.46,4524.92574517,7356.26724607,32.331,8.11,
2015-08-25 15:05:41.504475,1440529541.5,4524.9258027,7356.26709034,32.335,8.22,
2015-08-25 15:05:41.545551,1440529541.55,4524.9258027,7356.26709034,32.335,8.22,
2015-08-25 15:05:41.583706,1440529541.58,4524.9258027,7356.26709034,32.335,8.22,
2015-08-25 15:05:41.624288,1440529541.62,4524.92586169,7356.26693525,32.337,8.31,
2015-08-25 15:05:41.665608,1440529541.67,4524.92586169,7356.26693525,32.337,8.31,
2015-08-25 15:05:41.709235,1440529541.71,4524.92592241,7356.26677712,32.338,8.42,
2015-08-25 15:05:41.748362,1440529541.75,4524.92592241,7356.26677712,32.338,8.42,
2015-08-25 15:05:41.785970,1440529541.79,4524.92592241,7356.26677712,32.338,8.42,
2015-08-25 15:05:41.824371,1440529541.82,4524.92598468,7356.26662151,32.336,8.48,
2015-08-25 15:05:41.864511,1440529541.86,4524.92598468,7356.26662151,32.336,8.48,
2015-08-25 15:05:41.903890,1440529541.9,4524.92605079,7356.26646474,32.337,8.56,
2015-08-25 15:05:41.943493,1440529541.94,4524.92605079,7356.26646474,32.337,8.56,
2015-08-25 15:05:41.984820,1440529541.98,4524.92605079,7356.26646474,32.337,8.56,
2015-08-25 15:05:42.029530,1440529542.03,4524.92610892,7356.26630559,32.334,8.56,
2015-08-25 15:05:42.063450,1440529542.06,4524.92610892,7356.26630559,32.334,8.56,
2015-08-25 15:05:42.108303,1440529542.11,4524.92617383,7356.26614442,32.332,8.63,
2015-08-25 15:05:42.143903,1440529542.14,4524.92617383,7356.26614442,32.332,8.63,
2015-08-25 15:05:42.189677,1440529542.19,4524.92623722,7356.26598246,32.333,8.63,
2015-08-25 15:05:42.223413,1440529542.22,4524.92623722,7356.26598246,32.333,8.71,
2015-08-25 15:05:42.264039,1440529542.26,4524.92623722,7356.26598246,32.333,8.71,
2015-08-25 15:05:42.303453,1440529542.3,4524.92630358,7356.26581759,32.333,8.81,
2015-08-25 15:05:42.347993,1440529542.35,4524.92630358,7356.26581759,32.333,8.81,
2015-08-25 15:05:42.383831,1440529542.38,4524.92630358,7356.26581759,32.333,8.81,
2015-08-25 15:05:42.429192,1440529542.43,4524.92637351,7356.26565154,32.329,8.98,
2015-08-25 15:05:42.467018,1440529542.47,4524.92637351,7356.26565154,32.329,8.98,
2015-08-25 15:05:42.503758,1440529542.5,4524.92644574,7356.26548546,32.328,9.09,
2015-08-25 15:05:42.544218,1440529542.54,4524.92644574,7356.26548546,32.328,9.09,
2015-08-25 15:05:42.588101,1440529542.59,4524.92644574,7356.26548546,32.328,9.09,
2015-08-25 15:05:42.623381,1440529542.62,4524.9265122,7356.26531273,32.331,9.24,
2015-08-25 15:05:42.664206,1440529542.66,4524.9265122,7356.26531273,32.331,9.24,
2015-08-25 15:05:42.708282,1440529542.71,4524.92658205,7356.26513534,32.329,9.42,
2015-08-25 15:05:42.746175,1440529542.75,4524.92658205,7356.26513534,32.329,9.42,
2015-08-25 15:05:42.783253,1440529542.78,4524.92658205,7356.26513534,32.329,9.42,
2015-08-25 15:05:42.824173,1440529542.82,4524.92665213,7356.26496004,32.335,9.53,
2015-08-25 15:05:42.863728,1440529542.86,4524.92665213,7356.26496004,32.335,9.53,
2015-08-25 15:05:42.904632,1440529542.9,4524.92672149,7356.26477639,32.336,9.7,
2015-08-25 15:05:42.948371,1440529542.95,4524.92672149,7356.26477639,32.336,9.7,
2015-08-25 15:05:42.985465,1440529542.99,4524.92672149,7356.26477639,32.336,9.7,
2015-08-25 15:05:43.024043,1440529543.02,4524.92679685,7356.26459825,32.337,9.81,
2015-08-25 15:05:43.068365,1440529543.07,4524.92679685,7356.26459825,32.337,9.81,
2015-08-25 15:05:43.105359,1440529543.11,4524.92687381,7356.26441671,32.336,9.92,
2015-08-25 15:05:43.143502,1440529543.14,4524.92687381,7356.26441671,32.336,9.92,
2015-08-25 15:05:43.184834,1440529543.18,4524.92687381,7356.26441671,32.336,9.92,
2015-08-25 15:05:43.223895,1440529543.22,4524.92694843,7356.26423087,32.338,10.07,
2015-08-25 15:05:43.264355,1440529543.26,4524.92694843,7356.26423087,32.338,10.07,
2015-08-25 15:05:43.303879,1440529543.3,4524.92702695,7356.26404144,32.341,10.22,
2015-08-25 15:05:43.343755,1440529543.34,4524.92702695,7356.26404144,32.341,10.22,
2015-08-25 15:05:43.384895,1440529543.38,4524.92702695,7356.26404144,32.341,10.22,
2015-08-25 15:05:43.423666,1440529543.42,4524.92709506,7356.26385421,32.343,10.18,
2015-08-25 15:05:43.463527,1440529543.46,4524.92709506,7356.26385421,32.343,10.18,
2015-08-25 15:05:43.504478,1440529543.5,4524.92716807,7356.26365922,32.347,10.3,
2015-08-25 15:05:43.548391,1440529543.55,4524.92716807,7356.26365922,32.347,10.3,
2015-08-25 15:05:43.585578,1440529543.59,4524.92716807,7356.26365922,32.347,10.3,
2015-08-25 15:05:43.623498,1440529543.62,4524.92724572,7356.26347184,32.342,10.32,
2015-08-25 15:05:43.664238,1440529543.66,4524.92724572,7356.26347184,32.342,10.32,
2015-08-25 15:05:43.705620,1440529543.71,4524.92732214,7356.26327773,32.342,10.39,
2015-08-25 15:05:43.743651,1440529543.74,4524.92732214,7356.26327773,32.342,10.39,
2015-08-25 15:05:43.784705,1440529543.78,4524.92732214,7356.26327773,32.342,10.39,
2015-08-25 15:05:43.823322,1440529543.82,4524.92739964,7356.26307824,32.337,10.59,
2015-08-25 15:05:43.864076,1440529543.86,4524.92739964,7356.26307824,32.337,10.59,
2015-08-25 15:05:43.908705,1440529543.91,4524.9274793,7356.26287683,32.335,10.73,
2015-08-25 15:05:43.945061,1440529543.95,4524.9274793,7356.26287683,32.335,10.73,
2015-08-25 15:05:43.984090,1440529543.98,4524.9274793,7356.26287683,32.335,10.73,
2015-08-25 15:05:44.024296,1440529544.02,4524.92756046,7356.26268436,32.341,10.71,
2015-08-25 15:05:44.065799,1440529544.07,4524.92756046,7356.26268436,32.341,10.71,
2015-08-25 15:05:44.103432,1440529544.1,4524.92764102,7356.26248187,32.343,10.83,
2015-08-25 15:05:44.144370,1440529544.14,4524.92764102,7356.26248187,32.343,10.83,
2015-08-25 15:05:44.185915,1440529544.19,4524.92764102,7356.26248187,32.343,10.83,
2015-08-25 15:05:44.223355,1440529544.22,4524.92772224,7356.26227828,32.339,10.96,
2015-08-25 15:05:44.264315,1440529544.26,4524.92772224,7356.26227828,32.339,10.96,
2015-08-25 15:05:44.305666,1440529544.31,4524.92780558,7356.26207533,32.345,11.01,
2015-08-25 15:05:44.343808,1440529544.34,4524.92780558,7356.26207533,32.345,11.01,
2015-08-25 15:05:44.384787,1440529544.38,4524.92780558,7356.26207533,32.345,11.01,
2015-08-25 15:05:44.423745,1440529544.42,4524.92788525,7356.26187229,32.344,11.03,
2015-08-25 15:05:44.464206,1440529544.46,4524.92788525,7356.26187229,32.344,11.03,
2015-08-25 15:05:44.503788,1440529544.5,4524.92796771,7356.26166263,32.342,11.14,
2015-08-25 15:05:44.543936,1440529544.54,4524.92796771,7356.26166263,32.342,11.14,
2015-08-25 15:05:44.584814,1440529544.58,4524.92796771,7356.26166263,32.342,11.14,
2015-08-25 15:05:44.628385,1440529544.63,4524.92805203,7356.26145144,32.346,11.32,
2015-08-25 15:05:44.663928,1440529544.66,4524.92805203,7356.26145144,32.346,11.32,
2015-08-25 15:05:44.703406,1440529544.7,4524.92813636,7356.26123439,32.349,11.48,
2015-08-25 15:05:44.744104,1440529544.74,4524.92813636,7356.26123439,32.349,11.48,
2015-08-25 15:05:44.785963,1440529544.79,4524.92813636,7356.26123439,32.349,11.48,
2015-08-25 15:05:44.823228,1440529544.82,4524.92822157,7356.26102261,32.346,11.55,
2015-08-25 15:05:44.864132,1440529544.86,4524.92822157,7356.26102261,32.346,11.55,
2015-08-25 15:05:44.903856,1440529544.9,4524.92830748,7356.2608081,32.353,11.61,
2015-08-25 15:05:44.943693,1440529544.94,4524.92830748,7356.2608081,32.353,11.61,
2015-08-25 15:05:44.984784,1440529544.98,4524.92830748,7356.2608081,32.353,11.61,
2015-08-25 15:05:45.025037,1440529545.02,4524.92839387,7356.26058735,32.361,11.79,
2015-08-25 15:05:45.063647,1440529545.06,4524.92839387,7356.26058735,32.361,11.79,
2015-08-25 15:05:45.104374,1440529545.1,4524.92848175,7356.26037228,32.36,11.78,
2015-08-25 15:05:45.145625,1440529545.15,4524.92848175,7356.26037228,32.36,11.78,
2015-08-25 15:05:45.183736,1440529545.18,4524.92848175,7356.26037228,32.36,11.78,
2015-08-25 15:05:45.228386,1440529545.23,4524.92856762,7356.26015775,32.361,11.75,
2015-08-25 15:05:45.265269,1440529545.27,4524.92856762,7356.26015775,32.361,11.75,
2015-08-25 15:05:45.303686,1440529545.3,4524.92865593,7356.25994167,32.365,11.77,
2015-08-25 15:05:45.344347,1440529545.34,4524.92865593,7356.25994167,32.365,11.77,
2015-08-25 15:05:45.385942,1440529545.39,4524.92865593,7356.25994167,32.365,11.77,
2015-08-25 15:05:45.423303,1440529545.42,4524.92874577,7356.25972536,32.369,11.81,
2015-08-25 15:05:45.464277,1440529545.46,4524.92874577,7356.25972536,32.369,11.81,
2015-08-25 15:05:45.505698,1440529545.51,4524.92883533,7356.25950904,32.375,11.8,
2015-08-25 15:05:45.543831,1440529545.54,4524.92883533,7356.25950904,32.375,11.8,
2015-08-25 15:05:45.584816,1440529545.58,4524.92883533,7356.25950904,32.375,11.8,
2015-08-25 15:05:45.623709,1440529545.62,4524.92892662,7356.25929345,32.38,11.82,
2015-08-25 15:05:45.664216,1440529545.66,4524.92892662,7356.25929345,32.38,11.82,
2015-08-25 15:05:45.703754,1440529545.7,4524.92902087,7356.25907323,32.381,11.94,
2015-08-25 15:05:45.743920,1440529545.74,4524.92902087,7356.25907323,32.381,11.94,
2015-08-25 15:05:45.784731,1440529545.78,4524.92902087,7356.25907323,32.381,11.94,
2015-08-25 15:05:45.828427,1440529545.83,4524.92911146,7356.25885186,32.385,12.02,
2015-08-25 15:05:45.863470,1440529545.86,4524.92911146,7356.25885186,32.385,12.02,
2015-08-25 15:05:45.904735,1440529545.9,4524.92920459,7356.25862915,32.392,12.1,
2015-08-25 15:05:45.948386,1440529545.95,4524.92920459,7356.25862915,32.392,12.1,
2015-08-25 15:05:45.983633,1440529545.98,4524.92920459,7356.25862915,32.392,12.1,
2015-08-25 15:05:46.023989,1440529546.02,4524.92928857,7356.258405,32.397,12.08,
2015-08-25 15:05:46.068335,1440529546.07,4524.92928857,7356.258405,32.397,12.08,
2015-08-25 15:05:46.106096,1440529546.11,4524.92937573,7356.25817663,32.403,12.14,
2015-08-25 15:05:46.147263,1440529546.15,4524.92937573,7356.25817663,32.403,12.14,
2015-08-25 15:05:46.183499,1440529546.18,4524.92937573,7356.25817663,32.403,12.14,
2015-08-25 15:05:46.225909,1440529546.23,4524.92946542,7356.25794849,32.413,12.24,
2015-08-25 15:05:46.263507,1440529546.26,4524.92946542,7356.25794849,32.413,12.24,
2015-08-25 15:05:46.300816,1440529546.3,4524.92955384,7356.25771543,32.412,12.24,
2015-08-25 15:05:46.340223,1440529546.34,4524.92955384,7356.25771543,32.412,12.34,
2015-08-25 15:05:46.381896,1440529546.38,4524.92955384,7356.25771543,32.412,12.34,
2015-08-25 15:05:46.419265,1440529546.42,4524.92963958,7356.25748349,32.422,12.38,
2015-08-25 15:05:46.460148,1440529546.46,4524.92963958,7356.25748349,32.422,12.38,
2015-08-25 15:05:46.501435,1440529546.5,4524.92972957,7356.25724523,32.43,12.38,
2015-08-25 15:05:46.539744,1440529546.54,4524.92972957,7356.25724523,32.43,12.54,
2015-08-25 15:05:46.580611,1440529546.58,4524.92972957,7356.25724523,32.43,12.54,
2015-08-25 15:05:46.619750,1440529546.62,4524.92981901,7356.25701029,32.441,12.59,
2015-08-25 15:05:46.659969,1440529546.66,4524.92981901,7356.25701029,32.441,12.59,
2015-08-25 15:05:46.700435,1440529546.7,4524.92990639,7356.25676884,32.449,12.59,
2015-08-25 15:05:46.741643,1440529546.74,4524.92990639,7356.25676884,32.449,12.7,
2015-08-25 15:05:46.779596,1440529546.78,4524.92990639,7356.25676884,32.449,12.7,
2015-08-25 15:05:46.820131,1440529546.82,4524.92999453,7356.25653522,32.458,12.63,
2015-08-25 15:05:46.861672,1440529546.86,4524.92999453,7356.25653522,32.458,12.63,
2015-08-25 15:05:46.900213,1440529546.9,4524.93008331,7356.25629466,32.463,12.63,
2015-08-25 15:05:46.940305,1440529546.94,4524.93008331,7356.25629466,32.463,12.68,
2015-08-25 15:05:46.982029,1440529546.98,4524.93008331,7356.25629466,32.463,12.68,
2015-08-25 15:05:47.023305,1440529547.02,4524.93017412,7356.25604858,32.459,12.89,
2015-08-25 15:05:47.059208,1440529547.06,4524.93017412,7356.25604858,32.459,12.89,
2015-08-25 15:05:47.102215,1440529547.1,4524.93026697,7356.25580249,32.465,12.89,
2015-08-25 15:05:47.139548,1440529547.14,4524.93026697,7356.25580249,32.465,13.0,
2015-08-25 15:05:47.180625,1440529547.18,4524.93026697,7356.25580249,32.465,13.0,
2015-08-25 15:05:47.225458,1440529547.23,4524.93036146,7356.25555743,32.465,13.12,
2015-08-25 15:05:47.259325,1440529547.26,4524.93036146,7356.25555743,32.465,13.12,
2015-08-25 15:05:47.300425,1440529547.3,4524.93045889,7356.25530612,32.468,13.12,
2015-08-25 15:05:47.339715,1440529547.34,4524.93045889,7356.25530612,32.468,13.3,
2015-08-25 15:05:47.384290,1440529547.38,4524.93045889,7356.25530612,32.468,13.3,
2015-08-25 15:05:47.419735,1440529547.42,4524.93055007,7356.255057,32.472,13.33,
2015-08-25 15:05:47.465481,1440529547.47,4524.93055007,7356.255057,32.472,13.33,
2015-08-25 15:05:47.499106,1440529547.5,4524.93064614,7356.2548082,32.481,13.33,
2015-08-25 15:05:47.540207,1440529547.54,4524.93064614,7356.2548082,32.481,13.36,
2015-08-25 15:05:47.585781,1440529547.59,4524.93064614,7356.2548082,32.481,13.36,
2015-08-25 15:05:47.618986,1440529547.62,4524.93073471,7356.25455703,32.483,13.34,
2015-08-25 15:05:47.660170,1440529547.66,4524.93073471,7356.25455703,32.483,13.34,
2015-08-25 15:05:47.704791,1440529547.7,4524.93082489,7356.25430418,32.487,13.33,
2015-08-25 15:05:47.739228,1440529547.74,4524.93082489,7356.25430418,32.487,13.33,
2015-08-25 15:05:47.780446,1440529547.78,4524.93082489,7356.25430418,32.487,13.33,
2015-08-25 15:05:47.819721,1440529547.82,4524.93091946,7356.25404439,32.486,13.55,
2015-08-25 15:05:47.859544,1440529547.86,4524.93091946,7356.25404439,32.486,13.55,
2015-08-25 15:05:47.900736,1440529547.9,4524.93100865,7356.25378346,32.484,13.55,
2015-08-25 15:05:47.945384,1440529547.95,4524.93100865,7356.25378346,32.484,13.62,
2015-08-25 15:05:47.979372,1440529547.98,4524.93100865,7356.25378346,32.484,13.62,
2015-08-25 15:05:48.020278,1440529548.02,4524.93110183,7356.25351746,32.497,13.83,
2015-08-25 15:05:48.059692,1440529548.06,4524.93110183,7356.25351746,32.497,13.83,
2015-08-25 15:05:48.104593,1440529548.1,4524.93119581,7356.25324801,32.505,14.02,
2015-08-25 15:05:48.139789,1440529548.14,4524.93119581,7356.25324801,32.505,14.02,
2015-08-25 15:05:48.180089,1440529548.18,4524.93119581,7356.25324801,32.505,14.02,
2015-08-25 15:05:48.219805,1440529548.22,4524.93128559,7356.25298901,32.5,13.89,
2015-08-25 15:05:48.260274,1440529548.26,4524.93128559,7356.25298901,32.5,13.89,
2015-08-25 15:05:48.300020,1440529548.3,4524.93137952,7356.25272934,32.507,13.89,
2015-08-25 15:05:48.345135,1440529548.35,4524.93137952,7356.25272934,32.507,13.85,
2015-08-25 15:05:48.383492,1440529548.38,4524.93137952,7356.25272934,32.507,13.85,
2015-08-25 15:05:48.419737,1440529548.42,4524.93147173,7356.25245525,32.518,14.08,
2015-08-25 15:05:48.459692,1440529548.46,4524.93147173,7356.25245525,32.518,14.08,
2015-08-25 15:05:48.500442,1440529548.5,4524.93156454,7356.25219203,32.523,14.08,
2015-08-25 15:05:48.539913,1440529548.54,4524.93156454,7356.25219203,32.523,13.99,
2015-08-25 15:05:48.585749,1440529548.59,4524.93156454,7356.25219203,32.523,13.99,
2015-08-25 15:05:48.619235,1440529548.62,4524.93165858,7356.25193146,32.512,13.9,
2015-08-25 15:05:48.659863,1440529548.66,4524.93165858,7356.25193146,32.512,13.9,
2015-08-25 15:05:48.699794,1440529548.7,4524.9317548,7356.25165636,32.517,13.9,
2015-08-25 15:05:48.740078,1440529548.74,4524.9317548,7356.25165636,32.517,14.13,
2015-08-25 15:05:48.780074,1440529548.78,4524.9317548,7356.25165636,32.517,14.13,
2015-08-25 15:05:48.825106,1440529548.83,4524.93185962,7356.25138825,32.528,14.28,
2015-08-25 15:05:48.863231,1440529548.86,4524.93185962,7356.25138825,32.528,14.28,
2015-08-25 15:05:48.899919,1440529548.9,4524.93196527,7356.25112135,32.535,14.28,
2015-08-25 15:05:48.944908,1440529548.94,4524.93196527,7356.25112135,32.535,14.35,
2015-08-25 15:05:48.984292,1440529548.98,4524.93196527,7356.25112135,32.535,14.35,
2015-08-25 15:05:49.021336,1440529549.02,4524.93206374,7356.25086223,32.545,14.15,
2015-08-25 15:05:49.059081,1440529549.06,4524.93206374,7356.25086223,32.545,14.15,
2015-08-25 15:05:49.100296,1440529549.1,4524.93216794,7356.25060013,32.557,14.15,
2015-08-25 15:05:49.139703,1440529549.14,4524.93216794,7356.25060013,32.557,14.13,
2015-08-25 15:05:49.180663,1440529549.18,4524.93216794,7356.25060013,32.557,14.13,
2015-08-25 15:05:49.224424,1440529549.22,4524.93225748,7356.2503196,32.557,14.31,
2015-08-25 15:05:49.259331,1440529549.26,4524.93225748,7356.2503196,32.557,14.31,
2015-08-25 15:05:49.304966,1440529549.3,4524.9323474,7356.2500408,32.558,14.36,
2015-08-25 15:05:49.344212,1440529549.34,4524.9323474,7356.2500408,32.558,14.36,
2015-08-25 15:05:49.382367,1440529549.38,4524.9323474,7356.2500408,32.558,14.36,
2015-08-25 15:05:49.419015,1440529549.42,4524.93244315,7356.2497585,32.559,14.58,
2015-08-25 15:05:49.460273,1440529549.46,4524.93244315,7356.2497585,32.559,14.58,
2015-08-25 15:05:49.499765,1440529549.5,4524.93253762,7356.24946883,32.562,14.58,
2015-08-25 15:05:49.540172,1440529549.54,4524.93253762,7356.24946883,32.562,14.82,
2015-08-25 15:05:49.584590,1440529549.58,4524.93253762,7356.24946883,32.562,14.82,
2015-08-25 15:05:49.622103,1440529549.62,4524.93263897,7356.24919489,32.577,14.75,
2015-08-25 15:05:49.665435,1440529549.67,4524.93263897,7356.24919489,32.577,14.75,
2015-08-25 15:05:49.699621,1440529549.7,4524.93274403,7356.24891805,32.594,14.75,
2015-08-25 15:05:49.739946,1440529549.74,4524.93274403,7356.24891805,32.594,14.79,
2015-08-25 15:05:49.785820,1440529549.79,4524.93274403,7356.24891805,32.594,14.79,
2015-08-25 15:05:49.819261,1440529549.82,4524.93284188,7356.2486385,32.614,14.76,
2015-08-25 15:05:49.859914,1440529549.86,4524.93284188,7356.2486385,32.614,14.76,
2015-08-25 15:05:49.905734,1440529549.91,4524.93294311,7356.24835825,32.614,14.77,
2015-08-25 15:05:49.939208,1440529549.94,4524.93294311,7356.24835825,32.614,14.77,
2015-08-25 15:05:49.980130,1440529549.98,4524.93294311,7356.24835825,32.614,14.77,
2015-08-25 15:05:50.025010,1440529550.02,4524.93305089,7356.2480696,32.629,15.06,
2015-08-25 15:05:50.063186,1440529550.06,4524.93305089,7356.2480696,32.629,15.06,
2015-08-25 15:05:50.099799,1440529550.1,4524.9331594,7356.24777832,32.63,15.06,
2015-08-25 15:05:50.145387,1440529550.15,4524.9331594,7356.24777832,32.63,15.28,
2015-08-25 15:05:50.183067,1440529550.18,4524.9331594,7356.24777832,32.63,15.28,
2015-08-25 15:05:50.219745,1440529550.22,4524.93326438,7356.24749126,32.636,15.33,
2015-08-25 15:05:50.260420,1440529550.26,4524.93326438,7356.24749126,32.636,15.33,
2015-08-25 15:05:50.303908,1440529550.3,4524.93337996,7356.24719995,32.648,15.55,
2015-08-25 15:05:50.339746,1440529550.34,4524.93337996,7356.24719995,32.648,15.55,
2015-08-25 15:05:50.380530,1440529550.38,4524.93337996,7356.24719995,32.648,15.55,
2015-08-25 15:05:50.423839,1440529550.42,4524.93348569,7356.24691674,32.65,15.41,
2015-08-25 15:05:50.459719,1440529550.46,4524.93348569,7356.24691674,32.65,15.41,
2015-08-25 15:05:50.499905,1440529550.5,4524.93359288,7356.24663099,32.654,15.41,
2015-08-25 15:05:50.540122,1440529550.54,4524.93359288,7356.24663099,32.654,15.35,
2015-08-25 15:05:50.580014,1440529550.58,4524.93359288,7356.24663099,32.654,15.35,
2015-08-25 15:05:50.625095,1440529550.63,4524.933697,7356.24634198,32.655,15.34,
2015-08-25 15:05:50.659208,1440529550.66,4524.933697,7356.24634198,32.655,15.34,
2015-08-25 15:05:50.699958,1440529550.7,4524.93380287,7356.24605148,32.652,15.34,
2015-08-25 15:05:50.740112,1440529550.74,4524.93380287,7356.24605148,32.652,15.33,
2015-08-25 15:05:50.780399,1440529550.78,4524.93380287,7356.24605148,32.652,15.33,
2015-08-25 15:05:50.819674,1440529550.82,4524.9339118,7356.24575482,32.65,15.53,
2015-08-25 15:05:50.860162,1440529550.86,4524.9339118,7356.24575482,32.65,15.53,
2015-08-25 15:05:50.900736,1440529550.9,4524.93402179,7356.2454528,32.654,15.53,
2015-08-25 15:05:50.939643,1440529550.94,4524.93402179,7356.2454528,32.654,15.73,
2015-08-25 15:05:50.980380,1440529550.98,4524.93402179,7356.2454528,32.654,15.73,
2015-08-25 15:05:51.019969,1440529551.02,4524.93412203,7356.24515208,32.656,15.76,
2015-08-25 15:05:51.061804,1440529551.06,4524.93412203,7356.24515208,32.656,15.76,
2015-08-25 15:05:51.100351,1440529551.1,4524.93422791,7356.2448487,32.663,15.76,
2015-08-25 15:05:51.140083,1440529551.14,4524.93422791,7356.2448487,32.663,15.86,
2015-08-25 15:05:51.181926,1440529551.18,4524.93422791,7356.2448487,32.663,15.86,
2015-08-25 15:05:51.219304,1440529551.22,4524.93433142,7356.24454738,32.653,15.87,
2015-08-25 15:05:51.259735,1440529551.26,4524.93433142,7356.24454738,32.653,15.87,
2015-08-25 15:05:51.301883,1440529551.3,4524.93443656,7356.24424332,32.65,15.87,
2015-08-25 15:05:51.339265,1440529551.34,4524.93443656,7356.24424332,32.65,15.89,
2015-08-25 15:05:51.384593,1440529551.38,4524.93443656,7356.24424332,32.65,15.89,
2015-08-25 15:05:51.421164,1440529551.42,4524.93454924,7356.2439412,32.649,15.99,
2015-08-25 15:05:51.459622,1440529551.46,4524.93454924,7356.2439412,32.649,15.99,
2015-08-25 15:05:51.500324,1440529551.5,4524.93466706,7356.2436385,32.647,15.99,
2015-08-25 15:05:51.541741,1440529551.54,4524.93466706,7356.2436385,32.647,16.1,
2015-08-25 15:05:51.579858,1440529551.58,4524.93466706,7356.2436385,32.647,16.1,
2015-08-25 15:05:51.620069,1440529551.62,4524.93478119,7356.24334017,32.656,16.07,
2015-08-25 15:05:51.661796,1440529551.66,4524.93478119,7356.24334017,32.656,16.07,
2015-08-25 15:05:51.699340,1440529551.7,4524.93489915,7356.24304203,32.664,16.07,
2015-08-25 15:05:51.740000,1440529551.74,4524.93489915,7356.24304203,32.664,16.07,
2015-08-25 15:05:51.781904,1440529551.78,4524.93489915,7356.24304203,32.664,16.07,
2015-08-25 15:05:51.819545,1440529551.82,4524.93500959,7356.24274407,32.668,15.98,
2015-08-25 15:05:51.859995,1440529551.86,4524.93500959,7356.24274407,32.668,15.98,
2015-08-25 15:05:51.902022,1440529551.9,4524.93512064,7356.2424467,32.674,15.98,
2015-08-25 15:05:51.939155,1440529551.94,4524.93512064,7356.2424467,32.674,15.88,
2015-08-25 15:05:51.980537,1440529551.98,4524.93512064,7356.2424467,32.674,15.88,
2015-08-25 15:05:52.021630,1440529552.02,4524.93524387,7356.24214415,32.676,16.11,
2015-08-25 15:05:52.059222,1440529552.06,4524.93524387,7356.24214415,32.676,16.11,
2015-08-25 15:05:52.100212,1440529552.1,4524.93536338,7356.24184101,32.681,16.11,
2015-08-25 15:05:52.141638,1440529552.14,4524.93536338,7356.24184101,32.681,16.2,
2015-08-25 15:05:52.179745,1440529552.18,4524.93536338,7356.24184101,32.681,16.2,
2015-08-25 15:05:52.220137,1440529552.22,4524.93548007,7356.24153165,32.687,16.38,
2015-08-25 15:05:52.259895,1440529552.26,4524.93548007,7356.24153165,32.687,16.38,
2015-08-25 15:05:52.299629,1440529552.3,4524.93560347,7356.24122232,32.7,16.38,
2015-08-25 15:05:52.339744,1440529552.34,4524.93560347,7356.24122232,32.7,16.56,
2015-08-25 15:05:52.381989,1440529552.38,4524.93560347,7356.24122232,32.7,16.56,
2015-08-25 15:05:52.419713,1440529552.42,4524.93571196,7356.24091862,32.707,16.38,
2015-08-25 15:05:52.464330,1440529552.46,4524.93571196,7356.24091862,32.707,16.38,
2015-08-25 15:05:52.501271,1440529552.5,4524.9358255,7356.24060858,32.718,16.38,
2015-08-25 15:05:52.539608,1440529552.54,4524.9358255,7356.24060858,32.718,16.41,
2015-08-25 15:05:52.580431,1440529552.58,4524.9358255,7356.24060858,32.718,16.41,
2015-08-25 15:05:52.621654,1440529552.62,4524.93594554,7356.24030233,32.721,16.45,
2015-08-25 15:05:52.659601,1440529552.66,4524.93594554,7356.24030233,32.721,16.45,
2015-08-25 15:05:52.700326,1440529552.7,4524.9360586,7356.23999425,32.725,16.45,
2015-08-25 15:05:52.741693,1440529552.74,4524.9360586,7356.23999425,32.725,16.39,
2015-08-25 15:05:52.779782,1440529552.78,4524.9360586,7356.23999425,32.725,16.39,
2015-08-25 15:05:52.820075,1440529552.82,4524.9361699,7356.23966393,32.73,16.8,
2015-08-25 15:05:52.859950,1440529552.86,4524.9361699,7356.23966393,32.73,16.8,
2015-08-25 15:05:52.900705,1440529552.9,4524.93628763,7356.23934192,32.739,16.8,
2015-08-25 15:05:52.944368,1440529552.94,4524.93628763,7356.23934192,32.739,16.96,
2015-08-25 15:05:52.979454,1440529552.98,4524.93628763,7356.23934192,32.739,16.96,
2015-08-25 15:05:53.020085,1440529553.02,4524.93640608,7356.23902978,32.743,16.89,
2015-08-25 15:05:53.060064,1440529553.06,4524.93640608,7356.23902978,32.743,16.89,
2015-08-25 15:05:53.099902,1440529553.1,4524.93652609,7356.23870405,32.753,16.89,
2015-08-25 15:05:53.139858,1440529553.14,4524.93652609,7356.23870405,32.753,17.1,
2015-08-25 15:05:53.184613,1440529553.18,4524.93652609,7356.23870405,32.753,17.1,
2015-08-25 15:05:53.221103,1440529553.22,4524.93663999,7356.23838199,32.761,17.1,
2015-08-25 15:05:53.259489,1440529553.26,4524.93663999,7356.23838199,32.761,17.1,
2015-08-25 15:05:53.300284,1440529553.3,4524.9367586,7356.23806416,32.762,17.1,
2015-08-25 15:05:53.341543,1440529553.34,4524.9367586,7356.23806416,32.762,17.04,
2015-08-25 15:05:53.382988,1440529553.38,4524.9367586,7356.23806416,32.762,17.04,
2015-08-25 15:05:53.419333,1440529553.42,4524.93688272,7356.23773572,32.775,17.28,
2015-08-25 15:05:53.462075,1440529553.46,4524.93688272,7356.23773572,32.775,17.28,
2015-08-25 15:05:53.503340,1440529553.5,4524.93700585,7356.23740685,32.777,17.41,
2015-08-25 15:05:53.539429,1440529553.54,4524.93700585,7356.23740685,32.777,17.41,
2015-08-25 15:05:53.582301,1440529553.58,4524.93700585,7356.23740685,32.777,17.41,
2015-08-25 15:05:53.619197,1440529553.62,4524.93713361,7356.23707515,32.785,17.64,
2015-08-25 15:05:53.660250,1440529553.66,4524.93713361,7356.23707515,32.785,17.64,
2015-08-25 15:05:53.699754,1440529553.7,4524.93726478,7356.23673608,32.791,17.64,
2015-08-25 15:05:53.740005,1440529553.74,4524.93726478,7356.23673608,32.791,17.95,
2015-08-25 15:05:53.780362,1440529553.78,4524.93726478,7356.23673608,32.791,17.95,
2015-08-25 15:05:53.819606,1440529553.82,4524.93738479,7356.23640776,32.799,17.81,
2015-08-25 15:05:53.860097,1440529553.86,4524.93738479,7356.23640776,32.799,17.81,
2015-08-25 15:05:53.900658,1440529553.9,4524.93750801,7356.23607793,32.803,17.81,
2015-08-25 15:05:53.945426,1440529553.95,4524.93750801,7356.23607793,32.803,17.77,
2015-08-25 15:05:53.979330,1440529553.98,4524.93750801,7356.23607793,32.803,17.77,
2015-08-25 15:05:54.024354,1440529554.02,4524.93763805,7356.23576133,32.814,17.53,
2015-08-25 15:05:54.058994,1440529554.06,4524.93763805,7356.23576133,32.814,17.53,
2015-08-25 15:05:54.105610,1440529554.11,4524.93776199,7356.23544563,32.818,17.26,
2015-08-25 15:05:54.139281,1440529554.14,4524.93776199,7356.23544563,32.818,17.26,
2015-08-25 15:05:54.180039,1440529554.18,4524.93776199,7356.23544563,32.818,17.26,
2015-08-25 15:05:54.225351,1440529554.23,4524.9378972,7356.23510366,32.821,17.74,
2015-08-25 15:05:54.263532,1440529554.26,4524.9378972,7356.23510366,32.821,17.74,
2015-08-25 15:05:54.299672,1440529554.3,4524.93803487,7356.2347662,32.827,17.74,
2015-08-25 15:05:54.342729,1440529554.34,4524.93803487,7356.2347662,32.827,17.99,
2015-08-25 15:05:54.383875,1440529554.38,4524.93803487,7356.2347662,32.827,17.99,
2015-08-25 15:05:54.419447,1440529554.42,4524.93816955,7356.23442391,32.838,18.27,
2015-08-25 15:05:54.462721,1440529554.46,4524.93816955,7356.23442391,32.838,18.27,
2015-08-25 15:05:54.495047,1440529554.49,4524.93830589,7356.2340605,32.845,18.27,
2015-08-25 15:05:54.535987,1440529554.54,4524.93830589,7356.2340605,32.845,18.83,
2015-08-25 15:05:54.576128,1440529554.58,4524.93830589,7356.2340605,32.845,18.83,
2015-08-25 15:05:54.615625,1440529554.62,4524.93844277,7356.23371998,32.838,18.81,
2015-08-25 15:05:54.655971,1440529554.66,4524.93844277,7356.23371998,32.838,18.81,
2015-08-25 15:05:54.695925,1440529554.7,4524.93857402,7356.23337464,32.833,18.81,
2015-08-25 15:05:54.741431,1440529554.74,4524.93857402,7356.23337464,32.833,18.79,
2015-08-25 15:05:54.775373,1440529554.78,4524.93857402,7356.23337464,32.833,18.79,
2015-08-25 15:05:54.815868,1440529554.82,4524.93870552,7356.23304223,32.839,18.47,
2015-08-25 15:05:54.861426,1440529554.86,4524.93870552,7356.23304223,32.839,18.47,
2015-08-25 15:05:54.899497,1440529554.9,4524.93883377,7356.23271292,32.826,18.47,
2015-08-25 15:05:54.935823,1440529554.94,4524.93883377,7356.23271292,32.826,18.12,
2015-08-25 15:05:54.981700,1440529554.98,4524.93883377,7356.23271292,32.826,18.12,
2015-08-25 15:05:55.019780,1440529555.02,4524.9389642,7356.23236025,32.807,18.36,
2015-08-25 15:05:55.055845,1440529555.06,4524.9389642,7356.23236025,32.807,18.36,
2015-08-25 15:05:55.095995,1440529555.1,4524.9390942,7356.23200645,32.802,18.36,
2015-08-25 15:05:55.135952,1440529555.14,4524.9390942,7356.23200645,32.802,18.5,
2015-08-25 15:05:55.176052,1440529555.18,4524.9390942,7356.23200645,32.802,18.5,
2015-08-25 15:05:55.221456,1440529555.22,4524.93923606,7356.23165692,32.809,18.73,
2015-08-25 15:05:55.255214,1440529555.26,4524.93923606,7356.23165692,32.809,18.73,
2015-08-25 15:05:55.295993,1440529555.3,4524.93937897,7356.23130166,32.825,18.73,
2015-08-25 15:05:55.335584,1440529555.34,4524.93937897,7356.23130166,32.825,19.01,
2015-08-25 15:05:55.381706,1440529555.38,4524.93937897,7356.23130166,32.825,19.01,
2015-08-25 15:05:55.415699,1440529555.42,4524.9395145,7356.23096205,32.826,18.77,
2015-08-25 15:05:55.456068,1440529555.46,4524.9395145,7356.23096205,32.826,18.77,
2015-08-25 15:05:55.500278,1440529555.5,4524.93965466,7356.23062669,32.831,18.77,
2015-08-25 15:05:55.535746,1440529555.54,4524.93965466,7356.23062669,32.831,18.58,
2015-08-25 15:05:55.581716,1440529555.58,4524.93965466,7356.23062669,32.831,18.58,
2015-08-25 15:05:55.615195,1440529555.62,4524.93979285,7356.23027851,32.841,18.65,
2015-08-25 15:05:55.655837,1440529555.66,4524.93979285,7356.23027851,32.841,18.65,
2015-08-25 15:05:55.695832,1440529555.7,4524.93992891,7356.2299306,32.839,18.65,
2015-08-25 15:05:55.740355,1440529555.74,4524.93992891,7356.2299306,32.839,18.63,
2015-08-25 15:05:55.775879,1440529555.78,4524.93992891,7356.2299306,32.839,18.63,
2015-08-25 15:05:55.821232,1440529555.82,4524.9400709,7356.22957512,32.835,18.9,
2015-08-25 15:05:55.859525,1440529555.86,4524.9400709,7356.22957512,32.835,18.9,
2015-08-25 15:05:55.896058,1440529555.9,4524.94021265,7356.22920562,32.847,18.9,
2015-08-25 15:05:55.941617,1440529555.94,4524.94021265,7356.22920562,32.847,19.29,
2015-08-25 15:05:55.979467,1440529555.98,4524.94021265,7356.22920562,32.847,19.29,
2015-08-25 15:05:56.015585,1440529556.02,4524.94035274,7356.22885842,32.852,19.16,
2015-08-25 15:05:56.058803,1440529556.06,4524.94035274,7356.22885842,32.852,19.16,
2015-08-25 15:05:56.095763,1440529556.1,4524.94049246,7356.22849889,32.859,19.16,
2015-08-25 15:05:56.135829,1440529556.14,4524.94049246,7356.22849889,32.859,19.26,
2015-08-25 15:05:56.175827,1440529556.18,4524.94049246,7356.22849889,32.859,19.26,
2015-08-25 15:05:56.215922,1440529556.22,4524.94061936,7356.22813994,32.853,19.15,
2015-08-25 15:05:56.255833,1440529556.26,4524.94061936,7356.22813994,32.853,19.15,
2015-08-25 15:05:56.301669,1440529556.3,4524.94075027,7356.22778603,32.846,19.15,
2015-08-25 15:05:56.339133,1440529556.34,4524.94075027,7356.22778603,32.846,18.98,
2015-08-25 15:05:56.378203,1440529556.38,4524.94075027,7356.22778603,32.846,18.98,
2015-08-25 15:05:56.415075,1440529556.42,4524.94088927,7356.22741454,32.85,19.33,
2015-08-25 15:05:56.456168,1440529556.46,4524.94088927,7356.22741454,32.85,19.33,
2015-08-25 15:05:56.496067,1440529556.5,4524.94102329,7356.22704237,32.848,19.33,
2015-08-25 15:05:56.536258,1440529556.54,4524.94102329,7356.22704237,32.848,19.48,
2015-08-25 15:05:56.576374,1440529556.58,4524.94102329,7356.22704237,32.848,19.48,
2015-08-25 15:05:56.615843,1440529556.62,4524.94115804,7356.22668029,32.844,19.43,
2015-08-25 15:05:56.655794,1440529556.66,4524.94115804,7356.22668029,32.844,19.43,
2015-08-25 15:05:56.700567,1440529556.7,4524.94129807,7356.22630997,32.854,19.43,
2015-08-25 15:05:56.737173,1440529556.74,4524.94129807,7356.22630997,32.854,19.6,
2015-08-25 15:05:56.776151,1440529556.78,4524.94129807,7356.22630997,32.854,19.6,
2015-08-25 15:05:56.816074,1440529556.82,4524.94142472,7356.22595917,32.85,19.15,
2015-08-25 15:05:56.857784,1440529556.86,4524.94142472,7356.22595917,32.85,19.15,
2015-08-25 15:05:56.895629,1440529556.9,4524.94155282,7356.22560694,32.85,19.15,
2015-08-25 15:05:56.935945,1440529556.94,4524.94155282,7356.22560694,32.85,18.86,
2015-08-25 15:05:56.977991,1440529556.98,4524.94155282,7356.22560694,32.85,18.86,
2015-08-25 15:05:57.020261,1440529557.02,4524.94167628,7356.22522619,32.844,19.19,
2015-08-25 15:05:57.054974,1440529557.05,4524.94167628,7356.22522619,32.844,19.19,
2015-08-25 15:05:57.098269,1440529557.1,4524.9417964,7356.22485432,32.832,19.19,
2015-08-25 15:05:57.135151,1440529557.14,4524.9417964,7356.22485432,32.832,19.17,
2015-08-25 15:05:57.176615,1440529557.18,4524.9417964,7356.22485432,32.832,19.17,
2015-08-25 15:05:57.221193,1440529557.22,4524.9419245,7356.22449357,32.835,19.07,
2015-08-25 15:05:57.255090,1440529557.26,4524.9419245,7356.22449357,32.835,19.07,
2015-08-25 15:05:57.296353,1440529557.3,4524.94204655,7356.22412464,32.834,19.07,
2015-08-25 15:05:57.335799,1440529557.34,4524.94204655,7356.22412464,32.834,19.12,
2015-08-25 15:05:57.379063,1440529557.38,4524.94204655,7356.22412464,32.834,19.12,
2015-08-25 15:05:57.419824,1440529557.42,4524.9421611,7356.22377403,32.818,18.66,
2015-08-25 15:05:57.455896,1440529557.46,4524.9421611,7356.22377403,32.818,18.66,
2015-08-25 15:05:57.495802,1440529557.5,4524.9422767,7356.22343331,32.813,18.66,
2015-08-25 15:05:57.536032,1440529557.54,4524.9422767,7356.22343331,32.813,18.16,
2015-08-25 15:05:57.576283,1440529557.58,4524.9422767,7356.22343331,32.813,18.16,
2015-08-25 15:05:57.615408,1440529557.62,4524.94240715,7356.22307827,32.817,18.28,
2015-08-25 15:05:57.656072,1440529557.66,4524.94240715,7356.22307827,32.817,18.28,
2015-08-25 15:05:57.698084,1440529557.7,4524.9425316,7356.22272951,32.816,18.28,
2015-08-25 15:05:57.737182,1440529557.74,4524.9425316,7356.22272951,32.816,18.2,
2015-08-25 15:05:57.860840,1440529557.86,4524.942654,7356.22238304,32.81,18.12,
2015-08-25 15:05:57.872337,1440529557.87,4524.942654,7356.22238304,32.81,18.12,
2015-08-25 15:05:57.885134,1440529557.89,4524.942654,7356.22238304,32.81,18.12,
2015-08-25 15:05:57.898353,1440529557.9,4524.94278839,7356.22203464,32.826,18.12,
2015-08-25 15:05:57.935854,1440529557.94,4524.94278839,7356.22203464,32.826,18.28,
2015-08-25 15:05:57.976606,1440529557.98,4524.94278839,7356.22203464,32.826,18.28,
2015-08-25 15:05:58.016116,1440529558.02,4524.94291483,7356.22169635,32.818,18.1,
2015-08-25 15:05:58.055863,1440529558.06,4524.94291483,7356.22169635,32.818,18.1,
2015-08-25 15:05:58.101369,1440529558.1,4524.94303801,7356.22136434,32.825,18.1,
2015-08-25 15:05:58.135699,1440529558.14,4524.94303801,7356.22136434,32.825,17.84,
2015-08-25 15:05:58.181654,1440529558.18,4524.94303801,7356.22136434,32.825,17.84,
2015-08-25 15:05:58.215132,1440529558.22,4524.9431559,7356.22103262,32.832,17.58,
2015-08-25 15:05:58.255953,1440529558.26,4524.9431559,7356.22103262,32.832,17.58,
2015-08-25 15:05:58.301691,1440529558.3,4524.94327592,7356.22070931,32.832,17.58,
2015-08-25 15:05:58.335240,1440529558.34,4524.94327592,7356.22070931,32.832,17.3,
2015-08-25 15:05:58.376559,1440529558.38,4524.94327592,7356.22070931,32.832,17.3,
2015-08-25 15:05:58.415801,1440529558.42,4524.94340357,7356.22039,32.827,17.13,
2015-08-25 15:05:58.455999,1440529558.46,4524.94340357,7356.22039,32.827,17.13,
2015-08-25 15:05:58.496364,1440529558.5,4524.9435311,7356.22007517,32.835,17.13,
2015-08-25 15:05:58.535660,1440529558.54,4524.9435311,7356.22007517,32.835,16.97,
2015-08-25 15:05:58.576582,1440529558.58,4524.9435311,7356.22007517,32.835,16.97,
2015-08-25 15:05:58.616119,1440529558.62,4524.94365477,7356.21974377,32.839,17.15,
2015-08-25 15:05:58.661250,1440529558.66,4524.94365477,7356.21974377,32.839,17.15,
2015-08-25 15:05:58.695378,1440529558.7,4524.94378628,7356.219423,32.846,17.15,
2015-08-25 15:05:58.736090,1440529558.74,4524.94378628,7356.219423,32.846,17.2,
2015-08-25 15:05:58.776025,1440529558.78,4524.94378628,7356.219423,32.846,17.2,
2015-08-25 15:05:58.820641,1440529558.82,4524.94391676,7356.21910262,32.841,17.24,
2015-08-25 15:05:58.856015,1440529558.86,4524.94391676,7356.21910262,32.841,17.24,
2015-08-25 15:05:58.896035,1440529558.9,4524.94404652,7356.21878162,32.844,17.24,
2015-08-25 15:05:58.936039,1440529558.94,4524.94404652,7356.21878162,32.844,17.3,
2015-08-25 15:05:58.976499,1440529558.98,4524.94404652,7356.21878162,32.844,17.3,
2015-08-25 15:05:59.021409,1440529559.02,4524.94416178,7356.2184706,32.846,16.94,
2015-08-25 15:05:59.055327,1440529559.06,4524.94416178,7356.2184706,32.846,16.94,
2015-08-25 15:05:59.100657,1440529559.1,4524.94428238,7356.21816145,32.845,16.94,
2015-08-25 15:05:59.141324,1440529559.14,4524.94428238,7356.21816145,32.845,16.73,
2015-08-25 15:05:59.181051,1440529559.18,4524.94428238,7356.21816145,32.845,16.73,
2015-08-25 15:05:59.215522,1440529559.22,4524.94440483,7356.21785286,32.837,16.6,
2015-08-25 15:05:59.255853,1440529559.26,4524.94440483,7356.21785286,32.837,16.6,
2015-08-25 15:05:59.295716,1440529559.3,4524.94451978,7356.2175471,32.832,16.6,
2015-08-25 15:05:59.336000,1440529559.34,4524.94451978,7356.2175471,32.832,16.38,
2015-08-25 15:05:59.378175,1440529559.38,4524.94451978,7356.2175471,32.832,16.38,
2015-08-25 15:05:59.414992,1440529559.41,4524.94462614,7356.21722928,32.83,16.37,
2015-08-25 15:05:59.455829,1440529559.46,4524.94462614,7356.21722928,32.83,16.37,
2015-08-25 15:05:59.495911,1440529559.5,4524.94473722,7356.21691579,32.829,16.37,
2015-08-25 15:05:59.535969,1440529559.54,4524.94473722,7356.21691579,32.829,16.34,
2015-08-25 15:05:59.580533,1440529559.58,4524.94473722,7356.21691579,32.829,16.34,
2015-08-25 15:05:59.615262,1440529559.62,4524.9448504,7356.21661246,32.826,16.17,
2015-08-25 15:05:59.656089,1440529559.66,4524.9448504,7356.21661246,32.826,16.17,
2015-08-25 15:05:59.700600,1440529559.7,4524.94495659,7356.21630737,32.831,16.17,
2015-08-25 15:05:59.735920,1440529559.74,4524.94495659,7356.21630737,32.831,16.04,
2015-08-25 15:05:59.777375,1440529559.78,4524.94495659,7356.21630737,32.831,16.04,
2015-08-25 15:05:59.815540,1440529559.82,4524.94506475,7356.21599895,32.825,16.02,
2015-08-25 15:05:59.855837,1440529559.86,4524.94506475,7356.21599895,32.825,16.02,
2015-08-25 15:05:59.896022,1440529559.9,4524.94517166,7356.21569925,32.825,16.02,
2015-08-25 15:05:59.940391,1440529559.94,4524.94517166,7356.21569925,32.825,15.84,
2015-08-25 15:05:59.977390,1440529559.98,4524.94517166,7356.21569925,32.825,15.84,
2015-08-25 15:06:00.015084,1440529560.02,4524.94528426,7356.2154009,32.825,15.77,
2015-08-25 15:06:00.055911,1440529560.06,4524.94528426,7356.2154009,32.825,15.77,
2015-08-25 15:06:00.101693,1440529560.1,4524.94539556,7356.21510055,32.826,15.77,
2015-08-25 15:06:00.134832,1440529560.13,4524.94539556,7356.21510055,32.826,15.76,
2015-08-25 15:06:00.176329,1440529560.18,4524.94539556,7356.21510055,32.826,15.76,
2015-08-25 15:06:00.215453,1440529560.22,4524.94551075,7356.21481221,32.83,15.59,
2015-08-25 15:06:00.255490,1440529560.26,4524.94551075,7356.21481221,32.83,15.59,
2015-08-25 15:06:00.296250,1440529560.3,4524.94562751,7356.21452989,32.84,15.59,
2015-08-25 15:06:00.341398,1440529560.34,4524.94562751,7356.21452989,32.84,15.42,
2015-08-25 15:06:00.375373,1440529560.38,4524.94562751,7356.21452989,32.84,15.42,
2015-08-25 15:06:00.420085,1440529560.42,4524.94574317,7356.21423819,32.841,15.46,
2015-08-25 15:06:00.461264,1440529560.46,4524.94574317,7356.21423819,32.841,15.46,
2015-08-25 15:06:00.499338,1440529560.5,4524.94585835,7356.21395512,32.841,15.46,
2015-08-25 15:06:00.535394,1440529560.54,4524.94585835,7356.21395512,32.841,15.34,
2015-08-25 15:06:00.576170,1440529560.58,4524.94585835,7356.21395512,32.841,15.34,
2015-08-25 15:06:00.615656,1440529560.62,4524.94596281,7356.21366721,32.848,15.23,
2015-08-25 15:06:00.656213,1440529560.66,4524.94596281,7356.21366721,32.848,15.23,
2015-08-25 15:06:00.697764,1440529560.7,4524.94606784,7356.21337692,32.848,15.23,
2015-08-25 15:06:00.735286,1440529560.74,4524.94606784,7356.21337692,32.848,15.23,
2015-08-25 15:06:00.776584,1440529560.78,4524.94606784,7356.21337692,32.848,15.23,
2015-08-25 15:06:00.815668,1440529560.82,4524.9461689,7356.21309124,32.862,15.09,
2015-08-25 15:06:00.856036,1440529560.86,4524.9461689,7356.21309124,32.862,15.09,
2015-08-25 15:06:00.900562,1440529560.9,4524.94626551,7356.21281202,32.877,15.09,
2015-08-25 15:06:00.938130,1440529560.94,4524.94626551,7356.21281202,32.877,14.85,
2015-08-25 15:06:00.975426,1440529560.98,4524.94626551,7356.21281202,32.877,14.85,
2015-08-25 15:06:01.020356,1440529561.02,4524.94635907,7356.21252569,32.875,14.76,
2015-08-25 15:06:01.057132,1440529561.06,4524.94635907,7356.21252569,32.875,14.76,
2015-08-25 15:06:01.095673,1440529561.1,4524.94645074,7356.21224469,32.87,14.76,
2015-08-25 15:06:01.135747,1440529561.14,4524.94645074,7356.21224469,32.87,14.59,
2015-08-25 15:06:01.176071,1440529561.18,4524.94645074,7356.21224469,32.87,14.59,
2015-08-25 15:06:01.215693,1440529561.22,4524.94654655,7356.21195993,32.866,14.62,
2015-08-25 15:06:01.260362,1440529561.26,4524.94654655,7356.21195993,32.866,14.62,
2015-08-25 15:06:01.297245,1440529561.3,4524.94663899,7356.21167552,32.863,14.62,
2015-08-25 15:06:01.335391,1440529561.34,4524.94663899,7356.21167552,32.863,14.62,
2015-08-25 15:06:01.380570,1440529561.38,4524.94663899,7356.21167552,32.863,14.62,
2015-08-25 15:06:01.417146,1440529561.42,4524.9467343,7356.21141305,32.874,14.2,
2015-08-25 15:06:01.455494,1440529561.46,4524.9467343,7356.21141305,32.874,14.2,
2015-08-25 15:06:01.500595,1440529561.5,4524.9468286,7356.21114892,32.888,14.2,
2015-08-25 15:06:01.537110,1440529561.54,4524.9468286,7356.21114892,32.888,13.98,
2015-08-25 15:06:01.575996,1440529561.58,4524.9468286,7356.21114892,32.888,13.98,
2015-08-25 15:06:01.620318,1440529561.62,4524.94691586,7356.21087447,32.91,13.92,
2015-08-25 15:06:01.655752,1440529561.66,4524.94691586,7356.21087447,32.91,13.92,
2015-08-25 15:06:01.696292,1440529561.7,4524.94700032,7356.21060761,32.91,13.92,
2015-08-25 15:06:01.735935,1440529561.74,4524.94700032,7356.21060761,32.91,13.73,
2015-08-25 15:06:01.776115,1440529561.78,4524.94700032,7356.21060761,32.91,13.73,
2015-08-25 15:06:01.815579,1440529561.82,4524.94708733,7356.21034466,32.917,13.59,
2015-08-25 15:06:01.856072,1440529561.86,4524.94708733,7356.21034466,32.917,13.59,
2015-08-25 15:06:01.897942,1440529561.9,4524.94717147,7356.21007858,32.921,13.59,
2015-08-25 15:06:01.935160,1440529561.94,4524.94717147,7356.21007858,32.921,13.55,
2015-08-25 15:06:01.976383,1440529561.98,4524.94717147,7356.21007858,32.921,13.55,
2015-08-25 15:06:02.017633,1440529562.02,4524.94726518,7356.20981873,32.932,13.52,
2015-08-25 15:06:02.055575,1440529562.06,4524.94726518,7356.20981873,32.932,13.52,
2015-08-25 15:06:02.096188,1440529562.1,4524.94735812,7356.2095676,32.942,13.52,
2015-08-25 15:06:02.137634,1440529562.14,4524.94735812,7356.2095676,32.942,13.35,
2015-08-25 15:06:02.175816,1440529562.18,4524.94735812,7356.2095676,32.942,13.35,
2015-08-25 15:06:02.220462,1440529562.22,4524.94744398,7356.20930988,32.946,13.29,
2015-08-25 15:06:02.255097,1440529562.26,4524.94744398,7356.20930988,32.946,13.29,
2015-08-25 15:06:02.295705,1440529562.3,4524.94753267,7356.20905732,32.951,13.29,
2015-08-25 15:06:02.340314,1440529562.34,4524.94753267,7356.20905732,32.951,13.21,
2015-08-25 15:06:02.375421,1440529562.38,4524.94753267,7356.20905732,32.951,13.21,
2015-08-25 15:06:02.416008,1440529562.42,4524.94761899,7356.20880391,32.96,13.15,
2015-08-25 15:06:02.460301,1440529562.46,4524.94761899,7356.20880391,32.96,13.15,
2015-08-25 15:06:02.497245,1440529562.5,4524.9477015,7356.20855241,32.967,13.15,
2015-08-25 15:06:02.535175,1440529562.54,4524.9477015,7356.20855241,32.967,13.06,
2015-08-25 15:06:02.576305,1440529562.58,4524.9477015,7356.20855241,32.967,13.06,
2015-08-25 15:06:02.617544,1440529562.62,4524.9477809,7356.20830246,32.978,12.92,
2015-08-25 15:06:02.651230,1440529562.65,4524.9477809,7356.20830246,32.978,12.92,
2015-08-25 15:06:02.692315,1440529562.69,4524.9477809,7356.20830246,32.978,12.92,
2015-08-25 15:06:02.732024,1440529562.73,4524.94786364,7356.20806039,32.983,12.74,
2015-08-25 15:06:02.773826,1440529562.77,4524.94786364,7356.20806039,32.983,12.74,
2015-08-25 15:06:02.811055,1440529562.81,4524.94794769,7356.20781463,32.991,12.69,
2015-08-25 15:06:02.852028,1440529562.85,4524.94794769,7356.20781463,32.991,12.69,
2015-08-25 15:06:02.894237,1440529562.89,4524.94803145,7356.20757489,32.996,12.69,
2015-08-25 15:06:02.937440,1440529562.94,4524.94803145,7356.20757489,32.996,12.57,
2015-08-25 15:06:02.972040,1440529562.97,4524.94803145,7356.20757489,32.996,12.57,
2015-08-25 15:06:03.011749,1440529563.01,4524.9481116,7356.20732861,33.003,12.58,
2015-08-25 15:06:03.055530,1440529563.06,4524.9481116,7356.20732861,33.003,12.58,
2015-08-25 15:06:03.091766,1440529563.09,4524.9481116,7356.20732861,33.003,12.58,
2015-08-25 15:06:03.131446,1440529563.13,4524.94819258,7356.20708584,33.011,12.56,
2015-08-25 15:06:03.176672,1440529563.18,4524.94819258,7356.20708584,33.011,12.56,
2015-08-25 15:06:03.211077,1440529563.21,4524.9482769,7356.2068417,33.007,12.61,
2015-08-25 15:06:03.251490,1440529563.25,4524.9482769,7356.2068417,33.007,12.61,
2015-08-25 15:06:03.296563,1440529563.3,4524.94835839,7356.20658997,33.005,12.61,
2015-08-25 15:06:03.331420,1440529563.33,4524.94835839,7356.20658997,33.005,12.75,
2015-08-25 15:06:03.374149,1440529563.37,4524.94835839,7356.20658997,33.005,12.75,
2015-08-25 15:06:03.410964,1440529563.41,4524.94844432,7356.20634396,33.003,12.82,
2015-08-25 15:06:03.452294,1440529563.45,4524.94844432,7356.20634396,33.003,12.82,
2015-08-25 15:06:03.491872,1440529563.49,4524.94844432,7356.20634396,33.003,12.82,
2015-08-25 15:06:03.531520,1440529563.53,4524.94852805,7356.20610045,32.996,12.84,
2015-08-25 15:06:03.572474,1440529563.57,4524.94852805,7356.20610045,32.996,12.84,
2015-08-25 15:06:03.616354,1440529563.62,4524.94861075,7356.20589483,33.023,12.02,
2015-08-25 15:06:03.650915,1440529563.65,4524.94861075,7356.20589483,33.023,12.02,
2015-08-25 15:06:03.692298,1440529563.69,4524.94861075,7356.20589483,33.023,12.02,
2015-08-25 15:06:03.731596,1440529563.73,4524.9486879,7356.20569275,33.03,11.39,
2015-08-25 15:06:03.771925,1440529563.77,4524.9486879,7356.20569275,33.03,11.39,
2015-08-25 15:06:03.811977,1440529563.81,4524.94876968,7356.20547958,33.042,11.18,
2015-08-25 15:06:03.851452,1440529563.85,4524.94876968,7356.20547958,33.042,11.18,
2015-08-25 15:06:03.897812,1440529563.9,4524.94884352,7356.20528541,33.035,11.18,
2015-08-25 15:06:03.936369,1440529563.94,4524.94884352,7356.20528541,33.035,10.63,
2015-08-25 15:06:03.977588,1440529563.98,4524.94884352,7356.20528541,33.035,10.63,
2015-08-25 15:06:04.014742,1440529564.01,4524.94891572,7356.20507173,33.032,10.63,
2015-08-25 15:06:04.051560,1440529564.05,4524.94891572,7356.20507173,33.032,10.63,
2015-08-25 15:06:04.092099,1440529564.09,4524.94891572,7356.20507173,33.032,10.63,
2015-08-25 15:06:04.136915,1440529564.14,4524.94898872,7356.20485361,33.011,10.76,
2015-08-25 15:06:04.171442,1440529564.17,4524.94898872,7356.20485361,33.011,10.76,
2015-08-25 15:06:04.211822,1440529564.21,4524.94906383,7356.20463539,33.03,10.96,
2015-08-25 15:06:04.256894,1440529564.26,4524.94906383,7356.20463539,33.03,10.96,
2015-08-25 15:06:04.290965,1440529564.29,4524.94906383,7356.20463539,33.03,10.96,
2015-08-25 15:06:04.331909,1440529564.33,4524.94913666,7356.20442131,33.048,11.04,
2015-08-25 15:06:04.377216,1440529564.38,4524.94913666,7356.20442131,33.048,11.04,
2015-08-25 15:06:04.411905,1440529564.41,4524.94921209,7356.20421951,33.056,10.85,
2015-08-25 15:06:04.451791,1440529564.45,4524.94921209,7356.20421951,33.056,10.85,
2015-08-25 15:06:04.491688,1440529564.49,4524.94921209,7356.20421951,33.056,10.85,
2015-08-25 15:06:04.535943,1440529564.54,4524.949289,7356.20402074,33.066,10.72,
2015-08-25 15:06:04.571843,1440529564.57,4524.949289,7356.20402074,33.066,10.72,
2015-08-25 15:06:04.616901,1440529564.62,4524.94936146,7356.2038266,33.058,10.46,
2015-08-25 15:06:04.651138,1440529564.65,4524.94936146,7356.2038266,33.058,10.46,
2015-08-25 15:06:04.692144,1440529564.69,4524.94943519,7356.20363924,33.043,10.46,
2015-08-25 15:06:04.736915,1440529564.74,4524.94943519,7356.20363924,33.043,10.21,
2015-08-25 15:06:04.775124,1440529564.78,4524.94943519,7356.20363924,33.043,10.21,
2015-08-25 15:06:04.811625,1440529564.81,4524.94949962,7356.20344979,33.036,9.96,
2015-08-25 15:06:04.852071,1440529564.85,4524.94949962,7356.20344979,33.036,9.96,
2015-08-25 15:06:04.896291,1440529564.9,4524.94956053,7356.20326925,33.041,9.96,
2015-08-25 15:06:04.933660,1440529564.93,4524.94956053,7356.20326925,33.041,9.62,
2015-08-25 15:06:04.971392,1440529564.97,4524.94956053,7356.20326925,33.041,9.62,
2015-08-25 15:06:05.016344,1440529565.02,4524.94962512,7356.20308172,33.032,9.56,
2015-08-25 15:06:05.051157,1440529565.05,4524.94962512,7356.20308172,33.032,9.56,
2015-08-25 15:06:05.092410,1440529565.09,4524.94968334,7356.20290172,33.034,9.56,
2015-08-25 15:06:05.131923,1440529565.13,4524.94968334,7356.20290172,33.034,9.34,
2015-08-25 15:06:05.171877,1440529565.17,4524.94968334,7356.20290172,33.034,9.34,
2015-08-25 15:06:05.211753,1440529565.21,4524.94974388,7356.20272268,33.032,9.2,
2015-08-25 15:06:05.256464,1440529565.26,4524.94974388,7356.20272268,33.032,9.2,
2015-08-25 15:06:05.290728,1440529565.29,4524.94974388,7356.20272268,33.032,9.2,
2015-08-25 15:06:05.331290,1440529565.33,4524.94980297,7356.20254357,33.024,9.14,
2015-08-25 15:06:05.376513,1440529565.38,4524.94980297,7356.20254357,33.024,9.14,
2015-08-25 15:06:05.412967,1440529565.41,4524.94986698,7356.20236167,33.027,9.22,
2015-08-25 15:06:05.451367,1440529565.45,4524.94986698,7356.20236167,33.027,9.22,
2015-08-25 15:06:05.492432,1440529565.49,4524.94992759,7356.20218476,33.028,9.22,
2015-08-25 15:06:05.531635,1440529565.53,4524.94992759,7356.20218476,33.028,9.18,
2015-08-25 15:06:05.571967,1440529565.57,4524.94992759,7356.20218476,33.028,9.18,
2015-08-25 15:06:05.616344,1440529565.62,4524.94999604,7356.20201055,33.034,9.18,
2015-08-25 15:06:05.651960,1440529565.65,4524.94999604,7356.20201055,33.034,9.18,
2015-08-25 15:06:05.691855,1440529565.69,4524.94999604,7356.20201055,33.034,9.18,
2015-08-25 15:06:05.736415,1440529565.74,4524.95006137,7356.20183654,33.039,9.19,
2015-08-25 15:06:05.771574,1440529565.77,4524.95006137,7356.20183654,33.039,9.19,
2015-08-25 15:06:05.811572,1440529565.81,4524.95011659,7356.20166281,33.04,9.05,
2015-08-25 15:06:05.852000,1440529565.85,4524.95011659,7356.20166281,33.04,9.05,
2015-08-25 15:06:05.894221,1440529565.89,4524.9501748,7356.201495,33.042,9.05,
2015-08-25 15:06:05.937425,1440529565.94,4524.9501748,7356.201495,33.042,8.91,
2015-08-25 15:06:05.972677,1440529565.97,4524.9501748,7356.201495,33.042,8.91,
2015-08-25 15:06:06.011602,1440529566.01,4524.95023112,7356.20132931,33.049,8.73,
2015-08-25 15:06:06.055133,1440529566.06,4524.95023112,7356.20132931,33.049,8.73,
2015-08-25 15:06:06.091755,1440529566.09,4524.95023112,7356.20132931,33.049,8.73,
2015-08-25 15:06:06.131466,1440529566.13,4524.95028179,7356.20116673,33.049,8.51,
2015-08-25 15:06:06.177023,1440529566.18,4524.95028179,7356.20116673,33.049,8.51,
2015-08-25 15:06:06.211061,1440529566.21,4524.95033542,7356.20100864,33.049,8.29,
2015-08-25 15:06:06.251519,1440529566.25,4524.95033542,7356.20100864,33.049,8.29,
2015-08-25 15:06:06.291759,1440529566.29,4524.95033542,7356.20100864,33.049,8.29,
2015-08-25 15:06:06.331860,1440529566.33,4524.95038842,7356.2008541,33.05,8.11,
2015-08-25 15:06:06.371746,1440529566.37,4524.95038842,7356.2008541,33.05,8.11,
2015-08-25 15:06:06.411015,1440529566.41,4524.95044183,7356.20070196,33.051,7.93,
2015-08-25 15:06:06.451897,1440529566.45,4524.95044183,7356.20070196,33.051,7.93,
2015-08-25 15:06:06.491402,1440529566.49,4524.95044183,7356.20070196,33.051,7.93,
2015-08-25 15:06:06.535789,1440529566.54,4524.95049375,7356.20055364,33.051,7.76,
2015-08-25 15:06:06.571868,1440529566.57,4524.95049375,7356.20055364,33.051,7.76,
2015-08-25 15:06:06.616470,1440529566.62,4524.95054414,7356.20040006,33.047,7.74,
2015-08-25 15:06:06.650925,1440529566.65,4524.95054414,7356.20040006,33.047,7.74,
2015-08-25 15:06:06.692397,1440529566.69,4524.95059286,7356.20024934,33.043,7.74,
2015-08-25 15:06:06.731068,1440529566.73,4524.95059286,7356.20024934,33.043,7.68,
2015-08-25 15:06:06.776708,1440529566.78,4524.95059286,7356.20024934,33.043,7.68,
2015-08-25 15:06:06.811160,1440529566.81,4524.95064615,7356.20010036,33.054,7.67,
2015-08-25 15:06:06.851444,1440529566.85,4524.95064615,7356.20010036,33.054,7.67,
2015-08-25 15:06:06.897685,1440529566.9,4524.9506982,7356.19995199,33.053,7.67,
2015-08-25 15:06:06.935789,1440529566.94,4524.9506982,7356.19995199,33.053,7.68,
2015-08-25 15:06:06.976634,1440529566.98,4524.9506982,7356.19995199,33.053,7.68,
2015-08-25 15:06:07.014895,1440529567.01,4524.95075268,7356.19980634,33.058,7.65,
2015-08-25 15:06:07.051391,1440529567.05,4524.95075268,7356.19980634,33.058,7.65,
2015-08-25 15:06:07.092080,1440529567.09,4524.95080887,7356.19966444,33.063,7.65,
2015-08-25 15:06:07.131099,1440529567.13,4524.95080887,7356.19966444,33.063,7.61,
2015-08-25 15:06:07.176412,1440529567.18,4524.95080887,7356.19966444,33.063,7.61,
2015-08-25 15:06:07.210995,1440529567.21,4524.95085859,7356.19952618,33.067,7.42,
2015-08-25 15:06:07.251424,1440529567.25,4524.95085859,7356.19952618,33.067,7.42,
2015-08-25 15:06:07.296256,1440529567.3,4524.95091019,7356.19938905,33.071,7.42,
2015-08-25 15:06:07.331176,1440529567.33,4524.95091019,7356.19938905,33.071,7.32,
2015-08-25 15:06:07.378282,1440529567.38,4524.95091019,7356.19938905,33.071,7.32,
2015-08-25 15:06:07.411915,1440529567.41,4524.95095948,7356.19925573,33.078,7.14,
2015-08-25 15:06:07.451756,1440529567.45,4524.95095948,7356.19925573,33.078,7.14,
2015-08-25 15:06:07.491667,1440529567.49,4524.95095948,7356.19925573,33.078,7.14,
2015-08-25 15:06:07.535337,1440529567.54,4524.95100319,7356.19912632,33.078,6.9,
2015-08-25 15:06:07.571752,1440529567.57,4524.95100319,7356.19912632,33.078,6.9,
2015-08-25 15:06:07.611826,1440529567.61,4524.95104798,7356.19899713,33.086,6.74,
2015-08-25 15:06:07.650940,1440529567.65,4524.95104798,7356.19899713,33.086,6.74,
2015-08-25 15:06:07.692086,1440529567.69,4524.95108886,7356.19887215,33.087,6.74,
2015-08-25 15:06:07.736640,1440529567.74,4524.95108886,7356.19887215,33.087,6.53,
2015-08-25 15:06:07.771136,1440529567.77,4524.95108886,7356.19887215,33.087,6.53,
2015-08-25 15:06:07.811869,1440529567.81,4524.95113484,7356.19874507,33.087,6.5,
2015-08-25 15:06:07.851796,1440529567.85,4524.95113484,7356.19874507,33.087,6.5,
2015-08-25 15:06:07.896361,1440529567.9,4524.95117906,7356.19862349,33.087,6.5,
2015-08-25 15:06:07.931838,1440529567.93,4524.95117906,7356.19862349,33.087,6.39,
2015-08-25 15:06:07.972554,1440529567.97,4524.95117906,7356.19862349,33.087,6.39,
2015-08-25 15:06:08.014664,1440529568.01,4524.95122688,7356.19850947,33.084,6.21,
2015-08-25 15:06:08.051369,1440529568.05,4524.95122688,7356.19850947,33.084,6.21,
2015-08-25 15:06:08.098428,1440529568.1,4524.9512743,7356.19840067,33.081,6.21,
2015-08-25 15:06:08.130776,1440529568.13,4524.9512743,7356.19840067,33.081,6.04,
2015-08-25 15:06:08.171999,1440529568.17,4524.9512743,7356.19840067,33.081,6.04,
2015-08-25 15:06:08.211096,1440529568.21,4524.9513141,7356.198295,33.076,5.75,
2015-08-25 15:06:08.255931,1440529568.26,4524.9513141,7356.198295,33.076,5.75,
2015-08-25 15:06:08.298395,1440529568.3,4524.95135482,7356.19819473,33.075,5.75,
2015-08-25 15:06:08.331178,1440529568.33,4524.95135482,7356.19819473,33.075,5.5,
2015-08-25 15:06:08.372284,1440529568.37,4524.95135482,7356.19819473,33.075,5.5,
2015-08-25 15:06:08.411067,1440529568.41,4524.95139285,7356.19809029,33.083,5.38,
2015-08-25 15:06:08.451923,1440529568.45,4524.95139285,7356.19809029,33.083,5.38,
2015-08-25 15:06:08.496708,1440529568.5,4524.95142612,7356.19799199,33.087,5.38,
2015-08-25 15:06:08.531795,1440529568.53,4524.95142612,7356.19799199,33.087,5.16,
2015-08-25 15:06:08.571567,1440529568.57,4524.95142612,7356.19799199,33.087,5.16,
2015-08-25 15:06:08.611393,1440529568.61,4524.95146181,7356.19789342,33.089,5.05,
2015-08-25 15:06:08.653143,1440529568.65,4524.95146181,7356.19789342,33.089,5.05,
2015-08-25 15:06:08.691342,1440529568.69,4524.95146181,7356.19789342,33.089,5.05,
2015-08-25 15:06:08.731696,1440529568.73,4524.95149333,7356.1978012,33.092,4.85,
2015-08-25 15:06:08.771833,1440529568.77,4524.95149333,7356.1978012,33.092,4.85,
2015-08-25 15:06:08.810938,1440529568.81,4524.95152638,7356.19772269,33.096,4.45,
2015-08-25 15:06:08.851912,1440529568.85,4524.95152638,7356.19772269,33.096,4.45,
2015-08-25 15:06:08.891235,1440529568.89,4524.95152638,7356.19772269,33.096,4.45,
2015-08-25 15:06:08.931516,1440529568.93,4524.95155339,7356.19765275,33.097,4.01,
2015-08-25 15:06:08.972520,1440529568.97,4524.95155339,7356.19765275,33.097,4.01,
2015-08-25 15:06:09.017418,1440529569.02,4524.95157383,7356.19758835,33.105,3.47,
2015-08-25 15:06:09.051052,1440529569.05,4524.95157383,7356.19758835,33.105,3.47,
2015-08-25 15:06:09.092320,1440529569.09,4524.95159038,7356.19754051,33.104,3.47,
2015-08-25 15:06:09.133181,1440529569.13,4524.95159038,7356.19754051,33.104,2.83,
2015-08-25 15:06:09.171435,1440529569.17,4524.95159038,7356.19754051,33.104,2.83,
2015-08-25 15:06:09.211467,1440529569.21,4524.95160962,7356.19748981,33.112,2.47,
2015-08-25 15:06:09.253537,1440529569.25,4524.95160962,7356.19748981,33.112,2.47,
2015-08-25 15:06:09.291290,1440529569.29,4524.95160962,7356.19748981,33.112,2.47,
2015-08-25 15:06:09.331440,1440529569.33,4524.95162101,7356.19744931,33.113,2.03,
2015-08-25 15:06:09.373760,1440529569.37,4524.95162101,7356.19744931,33.113,2.03,
2015-08-25 15:06:09.410683,1440529569.41,4524.95163539,7356.19740271,33.112,1.92,
2015-08-25 15:06:09.451831,1440529569.45,4524.95163539,7356.19740271,33.112,1.92,
2015-08-25 15:06:09.493218,1440529569.49,4524.9516469,7356.19736669,33.113,1.92,
2015-08-25 15:06:09.531020,1440529569.53,4524.9516469,7356.19736669,33.113,1.69,
2015-08-25 15:06:09.572275,1440529569.57,4524.9516469,7356.19736669,33.113,1.69,
2015-08-25 15:06:09.613201,1440529569.61,4524.95165898,7356.19733295,33.115,1.51,
2015-08-25 15:06:09.651816,1440529569.65,4524.95165898,7356.19733295,33.115,1.51,
2015-08-25 15:06:09.691864,1440529569.69,4524.95165898,7356.19733295,33.115,1.51,
2015-08-25 15:06:09.731152,1440529569.73,4524.95167002,7356.19730316,33.112,1.38,
2015-08-25 15:06:09.771694,1440529569.77,4524.95167002,7356.19730316,33.112,1.38,
2015-08-25 15:06:09.814977,1440529569.81,4524.95168085,7356.19727742,33.117,1.22,
2015-08-25 15:06:09.850862,1440529569.85,4524.95168085,7356.19727742,33.117,1.22,
2015-08-25 15:06:09.892115,1440529569.89,4524.95168085,7356.19727742,33.117,1.22,
2015-08-25 15:06:09.931192,1440529569.93,4524.95169046,7356.19725901,33.116,1.02,
2015-08-25 15:06:09.973591,1440529569.97,4524.95169046,7356.19725901,33.116,1.02,
2015-08-25 15:06:10.017485,1440529570.02,4524.95169902,7356.19723846,33.115,0.92,
2015-08-25 15:06:10.056191,1440529570.06,4524.95169902,7356.19723846,33.115,0.92,
2015-08-25 15:06:10.092035,1440529570.09,4524.95170489,7356.19722916,33.117,0.92,
2015-08-25 15:06:10.131073,1440529570.13,4524.95170489,7356.19722916,33.117,0.67,
2015-08-25 15:06:10.172473,1440529570.17,4524.95170489,7356.19722916,33.117,0.67,
2015-08-25 15:06:10.210969,1440529570.21,4524.95170721,7356.19722208,33.116,0.38,
2015-08-25 15:06:10.255877,1440529570.26,4524.95170721,7356.19722208,33.116,0.38,
2015-08-25 15:06:10.290946,1440529570.29,4524.95170721,7356.19722208,33.116,0.38,
2015-08-25 15:06:10.331417,1440529570.33,4524.95170616,7356.19722166,33.114,0.08,
2015-08-25 15:06:10.372277,1440529570.37,4524.95170616,7356.19722166,33.114,0.08,
2015-08-25 15:06:10.411856,1440529570.41,4524.95170666,7356.19722615,33.117,0.22,
2015-08-25 15:06:10.451330,1440529570.45,4524.95170666,7356.19722615,33.117,0.22,
2015-08-25 15:06:10.492312,1440529570.49,4524.95170196,7356.19723654,33.113,0.22,
2015-08-25 15:06:10.531666,1440529570.53,4524.95170196,7356.19723654,33.113,0.53,
2015-08-25 15:06:10.571742,1440529570.57,4524.95170196,7356.19723654,33.113,0.53,
2015-08-25 15:06:10.610731,1440529570.61,4524.95170004,7356.19724226,33.113,0.61,
2015-08-25 15:06:10.651458,1440529570.65,4524.95170004,7356.19724226,33.113,0.61,
2015-08-25 15:06:10.691726,1440529570.69,4524.95170004,7356.19724226,33.113,0.61,
2015-08-25 15:06:10.731801,1440529570.73,4524.9516965,7356.19725352,33.111,0.74,
2015-08-25 15:06:10.771335,1440529570.77,4524.9516965,7356.19725352,33.111,0.74,
2015-08-25 15:06:10.811341,1440529570.81,4524.95169627,7356.19725604,33.112,0.57,
2015-08-25 15:06:10.847682,1440529570.85,4524.95169627,7356.19725604,33.112,0.57,
2015-08-25 15:06:10.892547,1440529570.89,4524.95169627,7356.19725604,33.112,0.57,
2015-08-25 15:06:10.926857,1440529570.93,4524.9516954,7356.19725781,33.112,0.44,
2015-08-25 15:06:10.967502,1440529570.97,4524.9516954,7356.19725781,33.112,0.44,
2015-08-25 15:06:11.007646,1440529571.01,4524.95169391,7356.19726176,33.11,0.36,
2015-08-25 15:06:11.046988,1440529571.05,4524.95169391,7356.19726176,33.11,0.36,
2015-08-25 15:06:11.087809,1440529571.09,4524.95169391,7356.19726176,33.11,0.36,
2015-08-25 15:06:11.132674,1440529571.13,4524.95169394,7356.19726018,33.108,0.18,
2015-08-25 15:06:11.167877,1440529571.17,4524.95169394,7356.19726018,33.108,0.18,
2015-08-25 15:06:11.206998,1440529571.21,4524.95169359,7356.19726242,33.113,0.12,
2015-08-25 15:06:11.247026,1440529571.25,4524.95169359,7356.19726242,33.113,0.12,
2015-08-25 15:06:11.287397,1440529571.29,4524.95169359,7356.19726242,33.113,0.12,
2015-08-25 15:06:11.327332,1440529571.33,4524.95169324,7356.19726315,33.112,0.07,
2015-08-25 15:06:11.373671,1440529571.37,4524.95169324,7356.19726315,33.112,0.07,
2015-08-25 15:06:11.406147,1440529571.41,4524.95169265,7356.19726419,33.114,0.04,
2015-08-25 15:06:11.447736,1440529571.45,4524.95169265,7356.19726419,33.114,0.04,
2015-08-25 15:06:11.487366,1440529571.49,4524.95169265,7356.19726419,33.114,0.04,
2015-08-25 15:06:11.530571,1440529571.53,4524.95169302,7356.19726451,33.115,0.01,
2015-08-25 15:06:11.566859,1440529571.57,4524.95169302,7356.19726451,33.115,0.01,
2015-08-25 15:06:11.606740,1440529571.61,4524.95169126,7356.19726551,33.113,0.04,
2015-08-25 15:06:11.650940,1440529571.65,4524.95169126,7356.19726551,33.113,0.04,
2015-08-25 15:06:11.687417,1440529571.69,4524.95169126,7356.19726551,33.113,0.04,
2015-08-25 15:06:11.727960,1440529571.73,4524.95169102,7356.19726468,33.114,0.04,
2015-08-25 15:06:11.768027,1440529571.77,4524.95169102,7356.19726468,33.114,0.04,
2015-08-25 15:06:11.807284,1440529571.81,4524.95169217,7356.19726476,33.116,0.03,
2015-08-25 15:06:11.847925,1440529571.85,4524.95169217,7356.19726476,33.116,0.03,
2015-08-25 15:06:11.888026,1440529571.89,4524.95169217,7356.19726476,33.116,0.03,
2015-08-25 15:06:11.927004,1440529571.93,4524.95169173,7356.197264,33.113,0.03,
2015-08-25 15:06:11.967018,1440529571.97,4524.95169173,7356.197264,33.113,0.03,
2015-08-25 15:06:12.006842,1440529572.01,4524.95169057,7356.1972639,33.115,0.04,
2015-08-25 15:06:12.047300,1440529572.05,4524.95169057,7356.1972639,33.115,0.04,
2015-08-25 15:06:12.088355,1440529572.09,4524.95169057,7356.1972639,33.115,0.04,
2015-08-25 15:06:12.127751,1440529572.13,4524.95169092,7356.197264,33.115,0.01,
2015-08-25 15:06:12.167372,1440529572.17,4524.95169092,7356.197264,33.115,0.01,
2015-08-25 15:06:12.207904,1440529572.21,4524.95168992,7356.19726263,33.11,0.05,
2015-08-25 15:06:12.248044,1440529572.25,4524.95168992,7356.19726263,33.11,0.05,
2015-08-25 15:06:12.287374,1440529572.29,4524.95168992,7356.19726263,33.11,0.05,
2015-08-25 15:06:12.327756,1440529572.33,4524.95168996,7356.19726238,33.11,0.03,
2015-08-25 15:06:12.367086,1440529572.37,4524.95168996,7356.19726238,33.11,0.03,
2015-08-25 15:06:12.406871,1440529572.41,4524.95168971,7356.1972629,33.11,0.03,
2015-08-25 15:06:12.447786,1440529572.45,4524.95168971,7356.1972629,33.11,0.03,
2015-08-25 15:06:12.488182,1440529572.49,4524.95168971,7356.1972629,33.11,0.03,
2015-08-25 15:06:12.527054,1440529572.53,4524.95168902,7356.19726207,33.106,0.05,
2015-08-25 15:06:12.566965,1440529572.57,4524.95168902,7356.19726207,33.106,0.05,
2015-08-25 15:06:12.610488,1440529572.61,4524.95168898,7356.19726164,33.105,0.03,
2015-08-25 15:06:12.646887,1440529572.65,4524.95168898,7356.19726164,33.105,0.03,
2015-08-25 15:06:12.688185,1440529572.69,4524.95168898,7356.19726164,33.105,0.03,
2015-08-25 15:06:12.726565,1440529572.73,4524.95168875,7356.19726086,33.102,0.04,
2015-08-25 15:06:12.767628,1440529572.77,4524.95168875,7356.19726086,33.102,0.04,
2015-08-25 15:06:12.807847,1440529572.81,4524.95168865,7356.19726191,33.101,0.03,
2015-08-25 15:06:12.851819,1440529572.85,4524.95168865,7356.19726191,33.101,0.03,
2015-08-25 15:06:12.890905,1440529572.89,4524.95168865,7356.19726191,33.101,0.03,
2015-08-25 15:06:12.930438,1440529572.93,4524.95168867,7356.19726192,33.098,0.03,
2015-08-25 15:06:12.967775,1440529572.97,4524.95168867,7356.19726192,33.098,0.03,
