2015-08-25 15:15:25.331165,1440530125.33,4525.59813833,7356.37578769,48.518,0.0,
2015-08-25 15:15:25.358831,1440530125.36,4525.59813833,7356.37578769,48.518,0.0,
2015-08-25 15:15:25.398235,1440530125.4,4525.59813742,7356.37578948,48.514,0.04,
2015-08-25 15:15:25.441789,1440530125.44,4525.59813742,7356.37578948,48.514,0.04,
2015-08-25 15:15:25.475324,1440530125.48,4525.59813742,7356.37578948,48.514,0.04,
2015-08-25 15:15:25.512800,1440530125.51,4525.59815885,7356.375799,48.519,0.04,
2015-08-25 15:15:25.558146,1440530125.56,4525.59815885,7356.375799,48.519,0.04,
2015-08-25 15:15:25.593599,1440530125.59,4525.59815815,7356.37580016,48.517,0.06,
2015-08-25 15:15:25.633267,1440530125.63,4525.59815815,7356.37580016,48.517,0.06,
2015-08-25 15:15:25.674358,1440530125.67,4525.59815815,7356.37580016,48.517,0.06,
2015-08-25 15:15:25.714058,1440530125.71,4525.59817804,7356.37580918,48.519,0.06,
2015-08-25 15:15:25.753029,1440530125.75,4525.59817804,7356.37580918,48.519,0.06,
2015-08-25 15:15:25.797704,1440530125.8,4525.59817891,7356.37580978,48.52,0.05,
2015-08-25 15:15:25.833894,1440530125.83,4525.59817891,7356.37580978,48.52,0.05,
2015-08-25 15:15:25.873329,1440530125.87,4525.59817891,7356.37580978,48.52,0.05,
2015-08-25 15:15:25.913590,1440530125.91,4525.59819773,7356.37581699,48.522,0.04,
2015-08-25 15:15:25.955070,1440530125.95,4525.59819773,7356.37581699,48.522,0.04,
2015-08-25 15:15:25.993277,1440530125.99,4525.59819653,7356.3758173,48.526,0.05,
2015-08-25 15:15:26.034070,1440530126.03,4525.59819653,7356.3758173,48.526,0.05,
2015-08-25 15:15:26.076428,1440530126.08,4525.59819653,7356.3758173,48.526,0.05,
2015-08-25 15:15:26.112463,1440530126.11,4525.59821351,7356.37582216,48.531,0.06,
2015-08-25 15:15:26.158087,1440530126.16,4525.59821351,7356.37582216,48.531,0.06,
2015-08-25 15:15:26.193655,1440530126.19,4525.59821125,7356.37582098,48.535,0.11,
2015-08-25 15:15:26.233084,1440530126.23,4525.59821125,7356.37582098,48.535,0.11,
2015-08-25 15:15:26.277512,1440530126.28,4525.59821125,7356.37582098,48.535,0.11,
2015-08-25 15:15:26.316044,1440530126.32,4525.59822675,7356.37582629,48.542,0.13,
2015-08-25 15:15:26.352961,1440530126.35,4525.59822675,7356.37582629,48.542,0.13,
2015-08-25 15:15:26.394121,1440530126.39,4525.59822522,7356.3758248,48.543,0.14,
2015-08-25 15:15:26.434875,1440530126.43,4525.59822522,7356.3758248,48.543,0.14,
2015-08-25 15:15:26.473257,1440530126.47,4525.59822522,7356.3758248,48.543,0.14,
2015-08-25 15:15:26.517787,1440530126.52,4525.59822446,7356.37583578,48.556,0.15,
2015-08-25 15:15:26.556873,1440530126.56,4525.59822446,7356.37583578,48.556,0.15,
2015-08-25 15:15:26.593099,1440530126.59,4525.59822185,7356.37583535,48.557,0.17,
2015-08-25 15:15:26.638035,1440530126.64,4525.59822185,7356.37583535,48.557,0.17,
2015-08-25 15:15:26.676958,1440530126.68,4525.59822185,7356.37583535,48.557,0.17,
2015-08-25 15:15:26.715707,1440530126.72,4525.59824012,7356.37583819,48.565,0.13,
2015-08-25 15:15:26.754664,1440530126.75,4525.59824012,7356.37583819,48.565,0.13,
2015-08-25 15:15:26.794253,1440530126.79,4525.59823867,7356.37583645,48.565,0.13,
2015-08-25 15:15:26.834364,1440530126.83,4525.59823867,7356.37583645,48.565,0.13,
2015-08-25 15:15:26.879279,1440530126.88,4525.59823867,7356.37583645,48.565,0.13,
2015-08-25 15:15:26.915768,1440530126.92,4525.59824009,7356.37584623,48.576,0.1,
2015-08-25 15:15:26.952808,1440530126.95,4525.59824009,7356.37584623,48.576,0.1,
2015-08-25 15:15:26.994408,1440530126.99,4525.59824028,7356.37584614,48.584,0.05,
2015-08-25 15:15:27.034184,1440530127.03,4525.59824028,7356.37584614,48.584,0.05,
2015-08-25 15:15:27.073251,1440530127.07,4525.59824028,7356.37584614,48.584,0.05,
2015-08-25 15:15:27.114128,1440530127.11,4525.59824172,7356.37585495,48.596,0.03,
2015-08-25 15:15:27.154787,1440530127.15,4525.59824172,7356.37585495,48.596,0.03,
2015-08-25 15:15:27.193141,1440530127.19,4525.59824174,7356.37585362,48.595,0.03,
2015-08-25 15:15:27.234046,1440530127.23,4525.59824174,7356.37585362,48.595,0.03,
2015-08-25 15:15:27.275534,1440530127.28,4525.59824174,7356.37585362,48.595,0.03,
2015-08-25 15:15:27.313040,1440530127.31,4525.59824406,7356.37586251,48.612,0.02,
2015-08-25 15:15:27.354819,1440530127.35,4525.59824406,7356.37586251,48.612,0.02,
2015-08-25 15:15:27.395073,1440530127.39,4525.59824407,7356.37586288,48.614,0.02,
2015-08-25 15:15:27.432914,1440530127.43,4525.59824407,7356.37586288,48.614,0.02,
2015-08-25 15:15:27.478305,1440530127.48,4525.59824407,7356.37586288,48.614,0.02,
2015-08-25 15:15:27.516137,1440530127.52,4525.59824724,7356.37587054,48.63,0.03,
2015-08-25 15:15:27.557715,1440530127.56,4525.59824724,7356.37587054,48.63,0.03,
2015-08-25 15:15:27.594298,1440530127.59,4525.59824726,7356.37587074,48.63,0.03,
2015-08-25 15:15:27.635175,1440530127.64,4525.59824726,7356.37587074,48.63,0.03,
2015-08-25 15:15:27.673213,1440530127.67,4525.59824726,7356.37587074,48.63,0.03,
2015-08-25 15:15:27.714008,1440530127.71,4525.59824964,7356.37587877,48.645,0.01,
2015-08-25 15:15:27.754791,1440530127.75,4525.59824964,7356.37587877,48.645,0.01,
2015-08-25 15:15:27.793096,1440530127.79,4525.59825046,7356.3758787,48.645,0.03,
2015-08-25 15:15:27.834703,1440530127.83,4525.59825046,7356.3758787,48.645,0.03,
2015-08-25 15:15:27.877105,1440530127.88,4525.59825046,7356.3758787,48.645,0.03,
2015-08-25 15:15:27.918374,1440530127.92,4525.59825259,7356.3758865,48.66,0.01,
2015-08-25 15:15:27.957486,1440530127.96,4525.59825259,7356.3758865,48.66,0.01,
2015-08-25 15:15:27.994285,1440530127.99,4525.59825224,7356.37588625,48.661,0.01,
2015-08-25 15:15:28.032961,1440530128.03,4525.59825224,7356.37588625,48.661,0.01,
2015-08-25 15:15:28.074426,1440530128.07,4525.59825224,7356.37588625,48.661,0.01,
2015-08-25 15:15:28.114996,1440530128.11,4525.59825475,7356.37589368,48.675,0.0,
2015-08-25 15:15:28.153154,1440530128.15,4525.59825475,7356.37589368,48.675,0.0,
2015-08-25 15:15:28.194706,1440530128.19,4525.59825584,7356.37589283,48.678,0.03,
2015-08-25 15:15:28.235200,1440530128.24,4525.59825584,7356.37589283,48.678,0.03,
2015-08-25 15:15:28.273153,1440530128.27,4525.59825584,7356.37589283,48.678,0.03,
2015-08-25 15:15:28.313952,1440530128.31,4525.59825909,7356.37589977,48.694,0.01,
2015-08-25 15:15:28.354816,1440530128.35,4525.59825909,7356.37589977,48.694,0.01,
2015-08-25 15:15:28.393178,1440530128.39,4525.5982592,7356.37589883,48.702,0.01,
2015-08-25 15:15:28.433825,1440530128.43,4525.5982592,7356.37589883,48.702,0.01,
2015-08-25 15:15:28.475176,1440530128.48,4525.5982592,7356.37589883,48.702,0.01,
2015-08-25 15:15:28.514323,1440530128.51,4525.59826325,7356.37590454,48.72,0.01,
2015-08-25 15:15:28.553310,1440530128.55,4525.59826325,7356.37590454,48.72,0.01,
2015-08-25 15:15:28.596566,1440530128.6,4525.59826241,7356.37590434,48.72,0.03,
2015-08-25 15:15:28.632828,1440530128.63,4525.59826241,7356.37590434,48.72,0.03,
2015-08-25 15:15:28.678713,1440530128.68,4525.59826241,7356.37590434,48.72,0.03,
2015-08-25 15:15:28.714333,1440530128.71,4525.59826612,7356.37591004,48.738,0.02,
2015-08-25 15:15:28.752921,1440530128.75,4525.59826612,7356.37591004,48.738,0.02,
2015-08-25 15:15:28.794935,1440530128.79,4525.598265,7356.37590977,48.738,0.04,
2015-08-25 15:15:28.834756,1440530128.83,4525.598265,7356.37590977,48.738,0.04,
2015-08-25 15:15:28.874727,1440530128.87,4525.598265,7356.37590977,48.738,0.04,
2015-08-25 15:15:28.918363,1440530128.92,4525.59826817,7356.37591514,48.755,0.04,
2015-08-25 15:15:28.953892,1440530128.95,4525.59826817,7356.37591514,48.755,0.04,
2015-08-25 15:15:28.992865,1440530128.99,4525.59827407,7356.37591904,48.754,0.16,
2015-08-25 15:15:29.034603,1440530129.03,4525.59827407,7356.37591904,48.754,0.16,
2015-08-25 15:15:29.074970,1440530129.07,4525.59827407,7356.37591904,48.754,0.16,
2015-08-25 15:15:29.114102,1440530129.11,4525.59828527,7356.37592948,48.772,0.31,
2015-08-25 15:15:29.154088,1440530129.15,4525.59828527,7356.37592948,48.772,0.31,
2015-08-25 15:15:29.194252,1440530129.19,4525.59829579,7356.37593336,48.774,0.52,
2015-08-25 15:15:29.232966,1440530129.23,4525.59829579,7356.37593336,48.774,0.52,
2015-08-25 15:15:29.274294,1440530129.27,4525.59829579,7356.37593336,48.774,0.52,
2015-08-25 15:15:29.314862,1440530129.31,4525.59831648,7356.37594723,48.791,0.84,
2015-08-25 15:15:29.354270,1440530129.35,4525.59831648,7356.37594723,48.791,0.84,
2015-08-25 15:15:29.397054,1440530129.4,4525.59833626,7356.3759577,48.796,1.18,
2015-08-25 15:15:29.433746,1440530129.43,4525.59833626,7356.3759577,48.796,1.18,
2015-08-25 15:15:29.473131,1440530129.47,4525.59833626,7356.3759577,48.796,1.18,
2015-08-25 15:15:29.513879,1440530129.51,4525.59837051,7356.3759749,48.813,1.57,
2015-08-25 15:15:29.554773,1440530129.55,4525.59837051,7356.3759749,48.813,1.57,
2015-08-25 15:15:29.592792,1440530129.59,4525.5983984,7356.37599597,48.801,1.97,
2015-08-25 15:15:29.641108,1440530129.64,4525.5983984,7356.37599597,48.801,1.97,
2015-08-25 15:15:29.672688,1440530129.67,4525.5983984,7356.37599597,48.801,1.97,
2015-08-25 15:15:29.710724,1440530129.71,4525.59844592,7356.37603151,48.815,2.43,
2015-08-25 15:15:29.754416,1440530129.75,4525.59844592,7356.37603151,48.815,2.43,
2015-08-25 15:15:29.789632,1440530129.79,4525.59848937,7356.37605935,48.817,2.97,
2015-08-25 15:15:29.830888,1440530129.83,4525.59848937,7356.37605935,48.817,2.97,
2015-08-25 15:15:29.874299,1440530129.87,4525.59848937,7356.37605935,48.817,2.97,
2015-08-25 15:15:29.910020,1440530129.91,4525.59855792,7356.37610192,48.832,3.48,
2015-08-25 15:15:29.951130,1440530129.95,4525.59855792,7356.37610192,48.832,3.48,
2015-08-25 15:15:29.990552,1440530129.99,4525.59861208,7356.37613364,48.833,3.93,
2015-08-25 15:15:30.033753,1440530130.03,4525.59861208,7356.37613364,48.833,3.93,
2015-08-25 15:15:30.071494,1440530130.07,4525.59861208,7356.37613364,48.833,3.93,
2015-08-25 15:15:30.109096,1440530130.11,4525.59869571,7356.37618409,48.853,4.52,
2015-08-25 15:15:30.153908,1440530130.15,4525.59869571,7356.37618409,48.853,4.52,
2015-08-25 15:15:30.192063,1440530130.19,4525.59875959,7356.37622715,48.854,4.93,
2015-08-25 15:15:30.228957,1440530130.23,4525.59875959,7356.37622715,48.854,4.93,
2015-08-25 15:15:30.270215,1440530130.27,4525.59875959,7356.37622715,48.854,4.93,
2015-08-25 15:15:30.310566,1440530130.31,4525.59885225,7356.37628085,48.869,5.41,
2015-08-25 15:15:30.348991,1440530130.35,4525.59885225,7356.37628085,48.869,5.41,
2015-08-25 15:15:30.393401,1440530130.39,4525.59892219,7356.37632937,48.866,5.65,
2015-08-25 15:15:30.431050,1440530130.43,4525.59892219,7356.37632937,48.866,5.65,
2015-08-25 15:15:30.469964,1440530130.47,4525.59892219,7356.37632937,48.866,5.65,
2015-08-25 15:15:30.509334,1440530130.51,4525.59901664,7356.37639256,48.873,5.97,
2015-08-25 15:15:30.550709,1440530130.55,4525.59901664,7356.37639256,48.873,5.97,
2015-08-25 15:15:30.591216,1440530130.59,4525.59909101,7356.37644499,48.871,6.07,
2015-08-25 15:15:30.634266,1440530130.63,4525.59909101,7356.37644499,48.871,6.07,
2015-08-25 15:15:30.671055,1440530130.67,4525.59909101,7356.37644499,48.871,6.07,
2015-08-25 15:15:30.709820,1440530130.71,4525.59918886,7356.37650716,48.883,6.24,
2015-08-25 15:15:30.753704,1440530130.75,4525.59918886,7356.37650716,48.883,6.24,
2015-08-25 15:15:30.790189,1440530130.79,4525.59927501,7356.37655716,48.886,6.43,
2015-08-25 15:15:30.829799,1440530130.83,4525.59927501,7356.37655716,48.886,6.43,
2015-08-25 15:15:30.874012,1440530130.87,4525.59927501,7356.37655716,48.886,6.43,
2015-08-25 15:15:30.910877,1440530130.91,4525.59935211,7356.37663659,48.912,6.51,
2015-08-25 15:15:30.948755,1440530130.95,4525.59935211,7356.37663659,48.912,6.51,
2015-08-25 15:15:30.994598,1440530130.99,4525.59943499,7356.37669123,48.904,6.5,
2015-08-25 15:15:31.030851,1440530131.03,4525.59943499,7356.37669123,48.904,6.5,
2015-08-25 15:15:31.069201,1440530131.07,4525.59943499,7356.37669123,48.904,6.5,
2015-08-25 15:15:31.113802,1440530131.11,4525.59950778,7356.37676933,48.923,6.58,
2015-08-25 15:15:31.150786,1440530131.15,4525.59950778,7356.37676933,48.923,6.58,
2015-08-25 15:15:31.189932,1440530131.19,4525.59959404,7356.37682403,48.931,6.58,
2015-08-25 15:15:31.233552,1440530131.23,4525.59959404,7356.37682403,48.931,6.58,
2015-08-25 15:15:31.271379,1440530131.27,4525.59959404,7356.37682403,48.931,6.58,
2015-08-25 15:15:31.309052,1440530131.31,4525.59967949,7356.37689956,48.941,6.64,
2015-08-25 15:15:31.353940,1440530131.35,4525.59967949,7356.37689956,48.941,6.64,
2015-08-25 15:15:31.391086,1440530131.39,4525.59977287,7356.3769602,48.952,6.81,
2015-08-25 15:15:31.429783,1440530131.43,4525.59977287,7356.3769602,48.952,6.81,
2015-08-25 15:15:31.474011,1440530131.47,4525.59977287,7356.3769602,48.952,6.81,
2015-08-25 15:15:31.512523,1440530131.51,4525.59986231,7356.37704099,48.967,6.94,
2015-08-25 15:15:31.553552,1440530131.55,4525.59986231,7356.37704099,48.967,6.94,
2015-08-25 15:15:31.590345,1440530131.59,4525.59995689,7356.37710263,48.973,7.04,
2015-08-25 15:15:31.631267,1440530131.63,4525.59995689,7356.37710263,48.973,7.04,
2015-08-25 15:15:31.669249,1440530131.67,4525.59995689,7356.37710263,48.973,7.04,
2015-08-25 15:15:31.710064,1440530131.71,4525.60006779,7356.37717564,48.983,7.15,
2015-08-25 15:15:31.751769,1440530131.75,4525.60006779,7356.37717564,48.983,7.15,
2015-08-25 15:15:31.794630,1440530131.79,4525.60016115,7356.3772414,48.996,7.17,
2015-08-25 15:15:31.834077,1440530131.83,4525.60016115,7356.3772414,48.996,7.17,
2015-08-25 15:15:31.873070,1440530131.87,4525.60016115,7356.3772414,48.996,7.17,
2015-08-25 15:15:31.908753,1440530131.91,4525.60027865,7356.37728485,49.003,7.24,
2015-08-25 15:15:31.952264,1440530131.95,4525.60027865,7356.37728485,49.003,7.24,
2015-08-25 15:15:31.991774,1440530131.99,4525.60037892,7356.37735111,49.01,7.36,
2015-08-25 15:15:32.029166,1440530132.03,4525.60037892,7356.37735111,49.01,7.36,
2015-08-25 15:15:32.073625,1440530132.07,4525.60037892,7356.37735111,49.01,7.36,
2015-08-25 15:15:32.110285,1440530132.11,4525.60050106,7356.37739886,49.023,7.49,
2015-08-25 15:15:32.150584,1440530132.15,4525.60050106,7356.37739886,49.023,7.49,
2015-08-25 15:15:32.195146,1440530132.2,4525.60060701,7356.37746063,49.039,7.61,
2015-08-25 15:15:32.232396,1440530132.23,4525.60060701,7356.37746063,49.039,7.61,
2015-08-25 15:15:32.274045,1440530132.27,4525.60060701,7356.37746063,49.039,7.61,
2015-08-25 15:15:32.311574,1440530132.31,4525.60073272,7356.37751486,49.046,7.79,
2015-08-25 15:15:32.352150,1440530132.35,4525.60073272,7356.37751486,49.046,7.79,
2015-08-25 15:15:32.389813,1440530132.39,4525.60083577,7356.37759329,49.05,7.89,
2015-08-25 15:15:32.430656,1440530132.43,4525.60083577,7356.37759329,49.05,7.89,
2015-08-25 15:15:32.471700,1440530132.47,4525.60083577,7356.37759329,49.05,7.89,
2015-08-25 15:15:32.509188,1440530132.51,4525.60095808,7356.37766539,49.048,8.03,
2015-08-25 15:15:32.550594,1440530132.55,4525.60095808,7356.37766539,49.048,8.03,
2015-08-25 15:15:32.591329,1440530132.59,4525.60106875,7356.37773415,49.061,8.12,
2015-08-25 15:15:32.628954,1440530132.63,4525.60106875,7356.37773415,49.061,8.12,
2015-08-25 15:15:32.674147,1440530132.67,4525.60106875,7356.37773415,49.061,8.12,
2015-08-25 15:15:32.709985,1440530132.71,4525.60119671,7356.37780127,49.061,8.28,
2015-08-25 15:15:32.749166,1440530132.75,4525.60119671,7356.37780127,49.061,8.28,
2015-08-25 15:15:32.794279,1440530132.79,4525.6013063,7356.37787479,49.069,8.29,
2015-08-25 15:15:32.830022,1440530132.83,4525.6013063,7356.37787479,49.069,8.29,
2015-08-25 15:15:32.868867,1440530132.87,4525.6013063,7356.37787479,49.069,8.29,
2015-08-25 15:15:32.909933,1440530132.91,4525.60140953,7356.37794898,49.095,8.45,
2015-08-25 15:15:32.950807,1440530132.95,4525.60140953,7356.37794898,49.095,8.45,
2015-08-25 15:15:32.994544,1440530132.99,4525.60153029,7356.37802835,49.077,8.68,
2015-08-25 15:15:33.030038,1440530133.03,4525.60153029,7356.37802835,49.077,8.68,
2015-08-25 15:15:33.072480,1440530133.07,4525.60153029,7356.37802835,49.077,8.68,
2015-08-25 15:15:33.113624,1440530133.11,4525.60163432,7356.37810862,49.1,8.75,
2015-08-25 15:15:33.150103,1440530133.15,4525.60163432,7356.37810862,49.1,8.75,
2015-08-25 15:15:33.191215,1440530133.19,4525.60175964,7356.37818755,49.095,8.98,
2015-08-25 15:15:33.228945,1440530133.23,4525.60175964,7356.37818755,49.095,8.98,
2015-08-25 15:15:33.274082,1440530133.27,4525.60175964,7356.37818755,49.095,8.98,
2015-08-25 15:15:33.309947,1440530133.31,4525.60187353,7356.37827004,49.1,9.16,
2015-08-25 15:15:33.349189,1440530133.35,4525.60187353,7356.37827004,49.1,9.16,
2015-08-25 15:15:33.390221,1440530133.39,4525.60200103,7356.37835361,49.106,9.35,
2015-08-25 15:15:33.430716,1440530133.43,4525.60200103,7356.37835361,49.106,9.35,
2015-08-25 15:15:33.469133,1440530133.47,4525.60200103,7356.37835361,49.106,9.35,
2015-08-25 15:15:33.507912,1440530133.51,4525.60211498,7356.37843993,49.123,9.53,
2015-08-25 15:15:33.551002,1440530133.55,4525.60211498,7356.37843993,49.123,9.53,
2015-08-25 15:15:33.588877,1440530133.59,4525.60224974,7356.37852134,49.126,9.74,
2015-08-25 15:15:33.634229,1440530133.63,4525.60224974,7356.37852134,49.126,9.74,
2015-08-25 15:15:33.670274,1440530133.67,4525.60224974,7356.37852134,49.126,9.74,
2015-08-25 15:15:33.708961,1440530133.71,4525.60237125,7356.37861281,49.135,9.96,
2015-08-25 15:15:33.753968,1440530133.75,4525.60237125,7356.37861281,49.135,9.96,
2015-08-25 15:15:33.790095,1440530133.79,4525.60249918,7356.37869989,49.145,9.91,
2015-08-25 15:15:33.828902,1440530133.83,4525.60249918,7356.37869989,49.145,9.91,
2015-08-25 15:15:33.870215,1440530133.87,4525.60249918,7356.37869989,49.145,9.91,
2015-08-25 15:15:33.910688,1440530133.91,4525.60262338,7356.37879628,49.16,10.12,
2015-08-25 15:15:33.948993,1440530133.95,4525.60262338,7356.37879628,49.16,10.12,
2015-08-25 15:15:33.994383,1440530133.99,4525.6027635,7356.37888137,49.168,10.25,
2015-08-25 15:15:34.029887,1440530134.03,4525.6027635,7356.37888137,49.168,10.25,
2015-08-25 15:15:34.070416,1440530134.07,4525.6027635,7356.37888137,49.168,10.25,
2015-08-25 15:15:34.110461,1440530134.11,4525.60288602,7356.37897858,49.192,10.3,
2015-08-25 15:15:34.150699,1440530134.15,4525.60288602,7356.37897858,49.192,10.3,
2015-08-25 15:15:34.190765,1440530134.19,4525.60303218,7356.37907042,49.183,10.53,
2015-08-25 15:15:34.235023,1440530134.23,4525.60303218,7356.37907042,49.183,10.53,
2015-08-25 15:15:34.270080,1440530134.27,4525.60303218,7356.37907042,49.183,10.53,
2015-08-25 15:15:34.310386,1440530134.31,4525.6031717,7356.37916113,49.206,10.63,
2015-08-25 15:15:34.353142,1440530134.35,4525.6031717,7356.37916113,49.206,10.63,
2015-08-25 15:15:34.392617,1440530134.39,4525.60332047,7356.3792521,49.209,10.8,
2015-08-25 15:15:34.428948,1440530134.43,4525.60332047,7356.3792521,49.209,10.8,
2015-08-25 15:15:34.475258,1440530134.48,4525.60332047,7356.3792521,49.209,10.8,
2015-08-25 15:15:34.512476,1440530134.51,4525.60347125,7356.37934649,49.219,11.05,
2015-08-25 15:15:34.548997,1440530134.55,4525.60347125,7356.37934649,49.219,11.05,
2015-08-25 15:15:34.595268,1440530134.6,4525.60361659,7356.37944676,49.232,11.07,
2015-08-25 15:15:34.632419,1440530134.63,4525.60361659,7356.37944676,49.232,11.07,
2015-08-25 15:15:34.675018,1440530134.67,4525.60361659,7356.37944676,49.232,11.07,
2015-08-25 15:15:34.711102,1440530134.71,4525.60376181,7356.3795463,49.248,11.2,
2015-08-25 15:15:34.751512,1440530134.75,4525.60376181,7356.3795463,49.248,11.2,
2015-08-25 15:15:34.793974,1440530134.79,4525.60391758,7356.37965025,49.235,11.41,
2015-08-25 15:15:34.834548,1440530134.83,4525.60391758,7356.37965025,49.235,11.41,
2015-08-25 15:15:34.871672,1440530134.87,4525.60391758,7356.37965025,49.235,11.41,
2015-08-25 15:15:34.908968,1440530134.91,4525.60406657,7356.37974964,49.256,11.46,
2015-08-25 15:15:34.951029,1440530134.95,4525.60406657,7356.37974964,49.256,11.46,
2015-08-25 15:15:34.990718,1440530134.99,4525.60422235,7356.37985637,49.264,11.59,
2015-08-25 15:15:35.030416,1440530135.03,4525.60422235,7356.37985637,49.264,11.59,
2015-08-25 15:15:35.070246,1440530135.07,4525.60422235,7356.37985637,49.264,11.59,
2015-08-25 15:15:35.110665,1440530135.11,4525.60438397,7356.37995629,49.278,11.79,
2015-08-25 15:15:35.149004,1440530135.15,4525.60438397,7356.37995629,49.278,11.79,
2015-08-25 15:15:35.190352,1440530135.19,4525.60454179,7356.38006102,49.269,11.82,
2015-08-25 15:15:35.230484,1440530135.23,4525.60454179,7356.38006102,49.269,11.82,
2015-08-25 15:15:35.274650,1440530135.27,4525.60454179,7356.38006102,49.269,11.82,
2015-08-25 15:15:35.310850,1440530135.31,4525.60470558,7356.38016258,49.291,11.97,
2015-08-25 15:15:35.350692,1440530135.35,4525.60470558,7356.38016258,49.291,11.97,
2015-08-25 15:15:35.390411,1440530135.39,4525.60486754,7356.38026456,49.311,11.99,
2015-08-25 15:15:35.430008,1440530135.43,4525.60486754,7356.38026456,49.311,11.99,
2015-08-25 15:15:35.471880,1440530135.47,4525.60486754,7356.38026456,49.311,11.99,
2015-08-25 15:15:35.509835,1440530135.51,4525.60503529,7356.38036353,49.334,12.1,
2015-08-25 15:15:35.549832,1440530135.55,4525.60503529,7356.38036353,49.334,12.1,
2015-08-25 15:15:35.592878,1440530135.59,4525.60520113,7356.38047827,49.324,12.26,
2015-08-25 15:15:35.629266,1440530135.63,4525.60520113,7356.38047827,49.324,12.26,
2015-08-25 15:15:35.674368,1440530135.67,4525.60520113,7356.38047827,49.324,12.26,
2015-08-25 15:15:35.711639,1440530135.71,4525.60537257,7356.38058997,49.337,12.42,
2015-08-25 15:15:35.754397,1440530135.75,4525.60537257,7356.38058997,49.337,12.42,
2015-08-25 15:15:35.790544,1440530135.79,4525.60554242,7356.38070533,49.342,12.57,
2015-08-25 15:15:35.830882,1440530135.83,4525.60554242,7356.38070533,49.342,12.57,
2015-08-25 15:15:35.870569,1440530135.87,4525.60554242,7356.38070533,49.342,12.57,
2015-08-25 15:15:35.914474,1440530135.91,4525.60571561,7356.38081924,49.357,12.7,
2015-08-25 15:15:35.950606,1440530135.95,4525.60571561,7356.38081924,49.357,12.7,
2015-08-25 15:15:35.989229,1440530135.99,4525.60588642,7356.38093814,49.361,12.79,
2015-08-25 15:15:36.030002,1440530136.03,4525.60588642,7356.38093814,49.361,12.79,
2015-08-25 15:15:36.072574,1440530136.07,4525.60588642,7356.38093814,49.361,12.79,
2015-08-25 15:15:36.109118,1440530136.11,4525.60606602,7356.38104634,49.391,12.91,
2015-08-25 15:15:36.149888,1440530136.15,4525.60606602,7356.38104634,49.391,12.91,
2015-08-25 15:15:36.193117,1440530136.19,4525.60624521,7356.38115736,49.41,13.03,
2015-08-25 15:15:36.228762,1440530136.23,4525.60624521,7356.38115736,49.41,13.03,
2015-08-25 15:15:36.274802,1440530136.27,4525.60624521,7356.38115736,49.41,13.03,
2015-08-25 15:15:36.309639,1440530136.31,4525.60642698,7356.38128651,49.428,13.21,
2015-08-25 15:15:36.348813,1440530136.35,4525.60642698,7356.38128651,49.428,13.21,
2015-08-25 15:15:36.390977,1440530136.39,4525.60660134,7356.38140944,49.429,13.23,
2015-08-25 15:15:36.430825,1440530136.43,4525.60660134,7356.38140944,49.429,13.23,
2015-08-25 15:15:36.469344,1440530136.47,4525.60660134,7356.38140944,49.429,13.23,
2015-08-25 15:15:36.513906,1440530136.51,4525.60678377,7356.38154722,49.443,13.41,
2015-08-25 15:15:36.550774,1440530136.55,4525.60678377,7356.38154722,49.443,13.41,
2015-08-25 15:15:36.590179,1440530136.59,4525.60697026,7356.38166373,49.445,13.56,
2015-08-25 15:15:36.629996,1440530136.63,4525.60697026,7356.38166373,49.445,13.56,
2015-08-25 15:15:36.673565,1440530136.67,4525.60697026,7356.38166373,49.445,13.56,
2015-08-25 15:15:36.708692,1440530136.71,4525.60715828,7356.38180308,49.464,13.75,
2015-08-25 15:15:36.750583,1440530136.75,4525.60715828,7356.38180308,49.464,13.75,
2015-08-25 15:15:36.792486,1440530136.79,4525.60734433,7356.38192208,49.452,13.8,
2015-08-25 15:15:36.828899,1440530136.83,4525.60734433,7356.38192208,49.452,13.8,
2015-08-25 15:15:36.871383,1440530136.87,4525.60734433,7356.38192208,49.452,13.8,
2015-08-25 15:15:36.912406,1440530136.91,4525.60753323,7356.38206796,49.468,13.97,
2015-08-25 15:15:36.948906,1440530136.95,4525.60753323,7356.38206796,49.468,13.97,
2015-08-25 15:15:36.990940,1440530136.99,4525.60772545,7356.38219464,49.472,14.12,
2015-08-25 15:15:37.030657,1440530137.03,4525.60772545,7356.38219464,49.472,14.12,
2015-08-25 15:15:37.069382,1440530137.07,4525.60772545,7356.38219464,49.472,14.12,
2015-08-25 15:15:37.112906,1440530137.11,4525.60792093,7356.3823345,49.477,14.27,
2015-08-25 15:15:37.150322,1440530137.15,4525.60792093,7356.3823345,49.477,14.27,
2015-08-25 15:15:37.189068,1440530137.19,4525.60811345,7356.38245141,49.498,14.22,
2015-08-25 15:15:37.230599,1440530137.23,4525.60811345,7356.38245141,49.498,14.22,
2015-08-25 15:15:37.271184,1440530137.27,4525.60811345,7356.38245141,49.498,14.22,
2015-08-25 15:15:37.309990,1440530137.31,4525.6083119,7356.38259436,49.505,14.41,
2015-08-25 15:15:37.350331,1440530137.35,4525.6083119,7356.38259436,49.505,14.41,
2015-08-25 15:15:37.391122,1440530137.39,4525.60851017,7356.38272427,49.5,14.56,
2015-08-25 15:15:37.428739,1440530137.43,4525.60851017,7356.38272427,49.5,14.56,
2015-08-25 15:15:37.474604,1440530137.47,4525.60851017,7356.38272427,49.5,14.56,
2015-08-25 15:15:37.510635,1440530137.51,4525.60872784,7356.38287363,49.509,14.72,
2015-08-25 15:15:37.550007,1440530137.55,4525.60872784,7356.38287363,49.509,14.72,
2015-08-25 15:15:37.590314,1440530137.59,4525.6089314,7356.38299738,49.52,14.82,
2015-08-25 15:15:37.631187,1440530137.63,4525.6089314,7356.38299738,49.52,14.82,
2015-08-25 15:15:37.669175,1440530137.67,4525.6089314,7356.38299738,49.52,14.82,
2015-08-25 15:15:37.714465,1440530137.71,4525.60914745,7356.38312896,49.53,15.01,
2015-08-25 15:15:37.750668,1440530137.75,4525.60914745,7356.38312896,49.53,15.01,
2015-08-25 15:15:37.789067,1440530137.79,4525.60935406,7356.38326298,49.539,15.18,
2015-08-25 15:15:37.830525,1440530137.83,4525.60935406,7356.38326298,49.539,15.18,
2015-08-25 15:15:37.870826,1440530137.87,4525.60935406,7356.38326298,49.539,15.18,
2015-08-25 15:15:37.907302,1440530137.91,4525.60957822,7356.38340328,49.548,15.35,
2015-08-25 15:15:37.950288,1440530137.95,4525.60957822,7356.38340328,49.548,15.35,
2015-08-25 15:15:37.986211,1440530137.99,4525.60978478,7356.38353775,49.546,15.35,
2015-08-25 15:15:38.026766,1440530138.03,4525.60978478,7356.38353775,49.546,15.38,
2015-08-25 15:15:38.065076,1440530138.07,4525.60978478,7356.38353775,49.546,15.38,
2015-08-25 15:15:38.105729,1440530138.11,4525.61001132,7356.38364106,49.55,15.51,
2015-08-25 15:15:38.146775,1440530138.15,4525.61001132,7356.38364106,49.55,15.51,
2015-08-25 15:15:38.185572,1440530138.19,4525.61022354,7356.38378032,49.544,15.51,
2015-08-25 15:15:38.229694,1440530138.23,4525.61022354,7356.38378032,49.544,15.65,
2015-08-25 15:15:38.266372,1440530138.27,4525.61022354,7356.38378032,49.544,15.65,
2015-08-25 15:15:38.304833,1440530138.3,4525.61045096,7356.38389075,49.529,15.75,
2015-08-25 15:15:38.350170,1440530138.35,4525.61045096,7356.38389075,49.529,15.75,
2015-08-25 15:15:38.387626,1440530138.39,4525.61066693,7356.38403304,49.529,15.75,
2015-08-25 15:15:38.424718,1440530138.42,4525.61066693,7356.38403304,49.529,15.89,
2015-08-25 15:15:38.466362,1440530138.47,4525.61066693,7356.38403304,49.529,15.89,
2015-08-25 15:15:38.507532,1440530138.51,4525.61089315,7356.38416594,49.526,16.03,
2015-08-25 15:15:38.544994,1440530138.54,4525.61089315,7356.38416594,49.526,16.03,
2015-08-25 15:15:38.591497,1440530138.59,4525.61111227,7356.38430369,49.534,16.11,
2015-08-25 15:15:38.628871,1440530138.63,4525.61111227,7356.38430369,49.534,16.11,
2015-08-25 15:15:38.664892,1440530138.66,4525.61111227,7356.38430369,49.534,16.11,
2015-08-25 15:15:38.705834,1440530138.71,4525.61133786,7356.38442849,49.537,16.24,
2015-08-25 15:15:38.747471,1440530138.75,4525.61133786,7356.38442849,49.537,16.24,
2015-08-25 15:15:38.786418,1440530138.79,4525.61156064,7356.38456752,49.531,16.24,
2015-08-25 15:15:38.831193,1440530138.83,4525.61156064,7356.38456752,49.531,16.31,
2015-08-25 15:15:38.865668,1440530138.87,4525.61156064,7356.38456752,49.531,16.31,
2015-08-25 15:15:38.905070,1440530138.91,4525.61179044,7356.38468352,49.539,16.42,
2015-08-25 15:15:38.946365,1440530138.95,4525.61179044,7356.38468352,49.539,16.42,
2015-08-25 15:15:38.988023,1440530138.99,4525.6120153,7356.38482243,49.537,16.42,
2015-08-25 15:15:39.024856,1440530139.02,4525.6120153,7356.38482243,49.537,16.47,
2015-08-25 15:15:39.066334,1440530139.07,4525.6120153,7356.38482243,49.537,16.47,
2015-08-25 15:15:39.106319,1440530139.11,4525.61226043,7356.38495861,49.544,16.57,
2015-08-25 15:15:39.145042,1440530139.14,4525.61226043,7356.38495861,49.544,16.57,
2015-08-25 15:15:39.190817,1440530139.19,4525.61248693,7356.38509858,49.537,16.62,
2015-08-25 15:15:39.225369,1440530139.23,4525.61248693,7356.38509858,49.537,16.62,
2015-08-25 15:15:39.265209,1440530139.27,4525.61248693,7356.38509858,49.537,16.62,
2015-08-25 15:15:39.305555,1440530139.31,4525.61272334,7356.38522963,49.546,16.61,
2015-08-25 15:15:39.346736,1440530139.35,4525.61272334,7356.38522963,49.546,16.61,
2015-08-25 15:15:39.385010,1440530139.38,4525.61295556,7356.38537208,49.549,16.61,
2015-08-25 15:15:39.426028,1440530139.43,4525.61295556,7356.38537208,49.549,16.76,
2015-08-25 15:15:39.467087,1440530139.47,4525.61295556,7356.38537208,49.549,16.76,
2015-08-25 15:15:39.505971,1440530139.51,4525.61319372,7356.38550815,49.558,16.79,
2015-08-25 15:15:39.546642,1440530139.55,4525.61319372,7356.38550815,49.558,16.79,
2015-08-25 15:15:39.586637,1440530139.59,4525.61342735,7356.38565075,49.569,16.79,
2015-08-25 15:15:39.624650,1440530139.62,4525.61342735,7356.38565075,49.569,16.91,
2015-08-25 15:15:39.666264,1440530139.67,4525.61342735,7356.38565075,49.569,16.91,
2015-08-25 15:15:39.708218,1440530139.71,4525.61366953,7356.3857899,49.578,17.02,
2015-08-25 15:15:39.744687,1440530139.74,4525.61366953,7356.3857899,49.578,17.02,
2015-08-25 15:15:39.790824,1440530139.79,4525.61390562,7356.3859321,49.596,17.11,
2015-08-25 15:15:39.828729,1440530139.83,4525.61390562,7356.3859321,49.596,17.11,
2015-08-25 15:15:39.864728,1440530139.86,4525.61390562,7356.3859321,49.596,17.11,
2015-08-25 15:15:39.905859,1440530139.91,4525.61414457,7356.38606898,49.601,17.13,
2015-08-25 15:15:39.946461,1440530139.95,4525.61414457,7356.38606898,49.601,17.13,
2015-08-25 15:15:39.985114,1440530139.99,4525.61438192,7356.38621503,49.616,17.13,
2015-08-25 15:15:40.025847,1440530140.03,4525.61438192,7356.38621503,49.616,17.23,
2015-08-25 15:15:40.067067,1440530140.07,4525.61438192,7356.38621503,49.616,17.23,
2015-08-25 15:15:40.104653,1440530140.1,4525.61462107,7356.38635903,49.622,17.31,
2015-08-25 15:15:40.146498,1440530140.15,4525.61462107,7356.38635903,49.622,17.31,
2015-08-25 15:15:40.186413,1440530140.19,4525.61485509,7356.38651048,49.631,17.31,
2015-08-25 15:15:40.224853,1440530140.22,4525.61485509,7356.38651048,49.631,17.32,
2015-08-25 15:15:40.266613,1440530140.27,4525.61485509,7356.38651048,49.631,17.32,
2015-08-25 15:15:40.310257,1440530140.31,4525.6150857,7356.38668049,49.652,17.41,
2015-08-25 15:15:40.344998,1440530140.34,4525.6150857,7356.38668049,49.652,17.41,
2015-08-25 15:15:40.389902,1440530140.39,4525.61532313,7356.3868333,49.66,17.46,
2015-08-25 15:15:40.426732,1440530140.43,4525.61532313,7356.3868333,49.66,17.46,
2015-08-25 15:15:40.465147,1440530140.47,4525.61532313,7356.3868333,49.66,17.46,
2015-08-25 15:15:40.504891,1440530140.5,4525.61555621,7356.3870025,49.68,17.53,
2015-08-25 15:15:40.546594,1440530140.55,4525.61555621,7356.3870025,49.68,17.53,
2015-08-25 15:15:40.586633,1440530140.59,4525.61580041,7356.38714902,49.687,17.53,
2015-08-25 15:15:40.630416,1440530140.63,4525.61580041,7356.38714902,49.687,17.63,
2015-08-25 15:15:40.665903,1440530140.67,4525.61580041,7356.38714902,49.687,17.63,
2015-08-25 15:15:40.704633,1440530140.7,4525.61605152,7356.38731241,49.704,17.8,
2015-08-25 15:15:40.746540,1440530140.75,4525.61605152,7356.38731241,49.704,17.8,
2015-08-25 15:15:40.790598,1440530140.79,4525.6162942,7356.38746891,49.7,17.87,
2015-08-25 15:15:40.824699,1440530140.82,4525.6162942,7356.38746891,49.7,17.87,
2015-08-25 15:15:40.866614,1440530140.87,4525.6162942,7356.38746891,49.7,17.87,
2015-08-25 15:15:40.905543,1440530140.91,4525.61654359,7356.38763515,49.71,17.94,
2015-08-25 15:15:40.946364,1440530140.95,4525.61654359,7356.38763515,49.71,17.94,
2015-08-25 15:15:40.990396,1440530140.99,4525.61678831,7356.38778956,49.704,17.98,
2015-08-25 15:15:41.028665,1440530141.03,4525.61678831,7356.38778956,49.704,17.98,
2015-08-25 15:15:41.069984,1440530141.07,4525.61678831,7356.38778956,49.704,17.98,
2015-08-25 15:15:41.109735,1440530141.11,4525.61703177,7356.38796023,49.712,17.97,
2015-08-25 15:15:41.146176,1440530141.15,4525.61703177,7356.38796023,49.712,17.97,
2015-08-25 15:15:41.186680,1440530141.19,4525.61727701,7356.3881211,49.714,17.97,
2015-08-25 15:15:41.230430,1440530141.23,4525.61727701,7356.3881211,49.714,18.04,
2015-08-25 15:15:41.267413,1440530141.27,4525.61727701,7356.3881211,49.714,18.04,
2015-08-25 15:15:41.304917,1440530141.3,4525.61752996,7356.38826996,49.718,18.08,
2015-08-25 15:15:41.346436,1440530141.35,4525.61752996,7356.38826996,49.718,18.08,
2015-08-25 15:15:41.388746,1440530141.39,4525.61778182,7356.38842581,49.732,18.2,
2015-08-25 15:15:41.430305,1440530141.43,4525.61778182,7356.38842581,49.732,18.2,
2015-08-25 15:15:41.469651,1440530141.47,4525.61778182,7356.38842581,49.732,18.2,
2015-08-25 15:15:41.508368,1440530141.51,4525.61805075,7356.38856775,49.727,18.29,
2015-08-25 15:15:41.544359,1440530141.54,4525.61805075,7356.38856775,49.727,18.29,
2015-08-25 15:15:41.590634,1440530141.59,4525.61830392,7356.38872823,49.733,18.42,
2015-08-25 15:15:41.626641,1440530141.63,4525.61830392,7356.38872823,49.733,18.42,
2015-08-25 15:15:41.665015,1440530141.66,4525.61830392,7356.38872823,49.733,18.42,
2015-08-25 15:15:41.710138,1440530141.71,4525.61858098,7356.3888674,49.737,18.53,
2015-08-25 15:15:41.745768,1440530141.75,4525.61858098,7356.3888674,49.737,18.53,
2015-08-25 15:15:41.787154,1440530141.79,4525.6188324,7356.38902857,49.746,18.53,
2015-08-25 15:15:41.827364,1440530141.83,4525.6188324,7356.38902857,49.746,18.54,
2015-08-25 15:15:41.866603,1440530141.87,4525.6188324,7356.38902857,49.746,18.54,
2015-08-25 15:15:41.906840,1440530141.91,4525.61911078,7356.38916975,49.758,18.65,
2015-08-25 15:15:41.951126,1440530141.95,4525.61911078,7356.38916975,49.758,18.65,
2015-08-25 15:15:41.986296,1440530141.99,4525.61936243,7356.38933698,49.762,18.65,
2015-08-25 15:15:42.025213,1440530142.03,4525.61936243,7356.38933698,49.762,18.68,
2015-08-25 15:15:42.069779,1440530142.07,4525.61936243,7356.38933698,49.762,18.68,
2015-08-25 15:15:42.106534,1440530142.11,4525.61964071,7356.38948156,49.776,18.73,
2015-08-25 15:15:42.145089,1440530142.15,4525.61964071,7356.38948156,49.776,18.73,
2015-08-25 15:15:42.185208,1440530142.19,4525.61989106,7356.38964134,49.783,18.73,
2015-08-25 15:15:42.226785,1440530142.23,4525.61989106,7356.38964134,49.783,18.64,
2015-08-25 15:15:42.265095,1440530142.27,4525.61989106,7356.38964134,49.783,18.64,
2015-08-25 15:15:42.305826,1440530142.31,4525.62016972,7356.38979457,49.786,18.67,
2015-08-25 15:15:42.346874,1440530142.35,4525.62016972,7356.38979457,49.786,18.67,
2015-08-25 15:15:42.386776,1440530142.39,4525.62042345,7356.3899616,49.783,18.67,
2015-08-25 15:15:42.429073,1440530142.43,4525.62042345,7356.3899616,49.783,18.7,
2015-08-25 15:15:42.465539,1440530142.47,4525.62042345,7356.3899616,49.783,18.7,
2015-08-25 15:15:42.504499,1440530142.5,4525.62069212,7356.39010419,49.779,18.71,
2015-08-25 15:15:42.545944,1440530142.55,4525.62069212,7356.39010419,49.779,18.71,
2015-08-25 15:15:42.590834,1440530142.59,4525.62094476,7356.39026387,49.778,18.64,
2015-08-25 15:15:42.625463,1440530142.63,4525.62094476,7356.39026387,49.778,18.64,
2015-08-25 15:15:42.665562,1440530142.67,4525.62094476,7356.39026387,49.778,18.64,
2015-08-25 15:15:42.706096,1440530142.71,4525.62120964,7356.39040804,49.778,18.59,
2015-08-25 15:15:42.744644,1440530142.74,4525.62120964,7356.39040804,49.778,18.59,
2015-08-25 15:15:42.790677,1440530142.79,4525.62145658,7356.39056583,49.791,18.41,
2015-08-25 15:15:42.825997,1440530142.83,4525.62145658,7356.39056583,49.791,18.41,
2015-08-25 15:15:42.870623,1440530142.87,4525.62145658,7356.39056583,49.791,18.41,
2015-08-25 15:15:42.908361,1440530142.91,4525.62171651,7356.39070955,49.801,18.32,
2015-08-25 15:15:42.946468,1440530142.95,4525.62171651,7356.39070955,49.801,18.32,
2015-08-25 15:15:42.984927,1440530142.98,4525.62196639,7356.39086632,49.81,18.32,
2015-08-25 15:15:43.030291,1440530143.03,4525.62196639,7356.39086632,49.81,18.25,
2015-08-25 15:15:43.065836,1440530143.07,4525.62196639,7356.39086632,49.81,18.25,
2015-08-25 15:15:43.106202,1440530143.11,4525.6222011,7356.39100183,49.799,17.98,
2015-08-25 15:15:43.145063,1440530143.14,4525.6222011,7356.39100183,49.799,17.98,
2015-08-25 15:15:43.190527,1440530143.19,4525.62244894,7356.39115977,49.794,17.96,
2015-08-25 15:15:43.224874,1440530143.22,4525.62244894,7356.39115977,49.794,17.96,
2015-08-25 15:15:43.265884,1440530143.27,4525.62244894,7356.39115977,49.794,17.96,
2015-08-25 15:15:43.305805,1440530143.31,4525.62270309,7356.39130065,49.804,17.81,
2015-08-25 15:15:43.344917,1440530143.34,4525.62270309,7356.39130065,49.804,17.81,
2015-08-25 15:15:43.387058,1440530143.39,4525.62294373,7356.39146039,49.809,17.81,
2015-08-25 15:15:43.425155,1440530143.43,4525.62294373,7356.39146039,49.809,17.72,
2015-08-25 15:15:43.465043,1440530143.47,4525.62294373,7356.39146039,49.809,17.72,
2015-08-25 15:15:43.505191,1440530143.51,4525.62319684,7356.39160901,49.821,17.56,
2015-08-25 15:15:43.545814,1440530143.55,4525.62319684,7356.39160901,49.821,17.56,
2015-08-25 15:15:43.590143,1440530143.59,4525.62343494,7356.39176392,49.808,17.44,
2015-08-25 15:15:43.629951,1440530143.63,4525.62343494,7356.39176392,49.808,17.44,
2015-08-25 15:15:43.665687,1440530143.67,4525.62343494,7356.39176392,49.808,17.44,
2015-08-25 15:15:43.708655,1440530143.71,4525.62368749,7356.39191021,49.818,17.25,
2015-08-25 15:15:43.746888,1440530143.75,4525.62368749,7356.39191021,49.818,17.25,
2015-08-25 15:15:43.786482,1440530143.79,4525.6239201,7356.39206513,49.815,17.25,
2015-08-25 15:15:43.824417,1440530143.82,4525.6239201,7356.39206513,49.815,17.12,
2015-08-25 15:15:43.866205,1440530143.87,4525.6239201,7356.39206513,49.815,17.12,
2015-08-25 15:15:43.905726,1440530143.91,4525.62417609,7356.39224562,49.831,16.97,
2015-08-25 15:15:43.944598,1440530143.94,4525.62417609,7356.39224562,49.831,16.97,
2015-08-25 15:15:43.990042,1440530143.99,4525.62440535,7356.39238949,49.817,16.76,
2015-08-25 15:15:44.025814,1440530144.03,4525.62440535,7356.39238949,49.817,16.76,
2015-08-25 15:15:44.070998,1440530144.07,4525.62440535,7356.39238949,49.817,16.76,
2015-08-25 15:15:44.105613,1440530144.11,4525.62465077,7356.39256602,49.84,16.58,
2015-08-25 15:15:44.146631,1440530144.15,4525.62465077,7356.39256602,49.84,16.58,
2015-08-25 15:15:44.186683,1440530144.19,4525.62488416,7356.39270421,49.85,16.58,
2015-08-25 15:15:44.230419,1440530144.23,4525.62488416,7356.39270421,49.85,16.55,
2015-08-25 15:15:44.267142,1440530144.27,4525.62488416,7356.39270421,49.85,16.55,
2015-08-25 15:15:44.304584,1440530144.3,4525.62511924,7356.39287278,49.869,16.37,
2015-08-25 15:15:44.349877,1440530144.35,4525.62511924,7356.39287278,49.869,16.37,
2015-08-25 15:15:44.388805,1440530144.39,4525.62533978,7356.39301209,49.856,16.17,
2015-08-25 15:15:44.430239,1440530144.43,4525.62533978,7356.39301209,49.856,16.17,
2015-08-25 15:15:44.467006,1440530144.47,4525.62533978,7356.39301209,49.856,16.17,
2015-08-25 15:15:44.506346,1440530144.51,4525.62556888,7356.39317878,49.852,16.1,
2015-08-25 15:15:44.544767,1440530144.54,4525.62556888,7356.39317878,49.852,16.1,
2015-08-25 15:15:44.591117,1440530144.59,4525.62577813,7356.39332078,49.834,15.8,
2015-08-25 15:15:44.626077,1440530144.63,4525.62577813,7356.39332078,49.834,15.8,
2015-08-25 15:15:44.664958,1440530144.66,4525.62577813,7356.39332078,49.834,15.8,
2015-08-25 15:15:44.705662,1440530144.71,4525.62599345,7356.39348554,49.819,15.59,
2015-08-25 15:15:44.746299,1440530144.75,4525.62599345,7356.39348554,49.819,15.59,
2015-08-25 15:15:44.790507,1440530144.79,4525.6262031,7356.39362089,49.813,15.38,
2015-08-25 15:15:44.826543,1440530144.83,4525.6262031,7356.39362089,49.813,15.38,
2015-08-25 15:15:44.866787,1440530144.87,4525.6262031,7356.39362089,49.813,15.38,
2015-08-25 15:15:44.904965,1440530144.9,4525.62639084,7356.39373798,49.797,15.1,
2015-08-25 15:15:44.946559,1440530144.95,4525.62639084,7356.39373798,49.797,15.1,
2015-08-25 15:15:44.988861,1440530144.99,4525.6265977,7356.39386991,49.805,14.96,
2015-08-25 15:15:45.025451,1440530145.03,4525.6265977,7356.39386991,49.805,14.96,
2015-08-25 15:15:45.065902,1440530145.07,4525.6265977,7356.39386991,49.805,14.96,
2015-08-25 15:15:45.106306,1440530145.11,4525.62678576,7356.39398217,49.805,14.81,
2015-08-25 15:15:45.144656,1440530145.14,4525.62678576,7356.39398217,49.805,14.81,
2015-08-25 15:15:45.190403,1440530145.19,4525.62698365,7356.39410279,49.797,14.51,
2015-08-25 15:15:45.227680,1440530145.23,4525.62698365,7356.39410279,49.797,14.51,
2015-08-25 15:15:45.265002,1440530145.26,4525.62698365,7356.39410279,49.797,14.51,
2015-08-25 15:15:45.305622,1440530145.31,4525.62716832,7356.39424925,49.787,14.3,
2015-08-25 15:15:45.346537,1440530145.35,4525.62716832,7356.39424925,49.787,14.3,
2015-08-25 15:15:45.385077,1440530145.39,4525.62737665,7356.39439629,49.707,14.3,
2015-08-25 15:15:45.429516,1440530145.43,4525.62737665,7356.39439629,49.707,14.51,
2015-08-25 15:15:45.466807,1440530145.47,4525.62737665,7356.39439629,49.707,14.51,
2015-08-25 15:15:45.504840,1440530145.5,4525.62756353,7356.3945396,49.662,14.34,
2015-08-25 15:15:45.549361,1440530145.55,4525.62756353,7356.3945396,49.662,14.34,
2015-08-25 15:15:45.588493,1440530145.59,4525.62776045,7356.39466745,49.685,14.3,
2015-08-25 15:15:45.630782,1440530145.63,4525.62776045,7356.39466745,49.685,14.3,
2015-08-25 15:15:45.670122,1440530145.67,4525.62776045,7356.39466745,49.685,14.3,
2015-08-25 15:15:45.705681,1440530145.71,4525.62796019,7356.39482713,49.668,14.22,
2015-08-25 15:15:45.744713,1440530145.74,4525.62796019,7356.39482713,49.668,14.22,
2015-08-25 15:15:45.790267,1440530145.79,4525.62814342,7356.39495479,49.667,13.95,
2015-08-25 15:15:45.825533,1440530145.83,4525.62814342,7356.39495479,49.667,13.95,
2015-08-25 15:15:45.864897,1440530145.86,4525.62814342,7356.39495479,49.667,13.95,
2015-08-25 15:15:45.906453,1440530145.91,4525.62834059,7356.39509962,49.684,13.86,
2015-08-25 15:15:45.946589,1440530145.95,4525.62834059,7356.39509962,49.684,13.86,
2015-08-25 15:15:45.986536,1440530145.99,4525.62852576,7356.39521973,49.673,13.86,
2015-08-25 15:15:46.026068,1440530146.03,4525.62852576,7356.39521973,49.673,13.66,
2015-08-25 15:15:46.066744,1440530146.07,4525.62852576,7356.39521973,49.673,13.66,
2015-08-25 15:15:46.101052,1440530146.1,4525.6287395,7356.39532146,49.681,13.45,
2015-08-25 15:15:46.140924,1440530146.14,4525.6287395,7356.39532146,49.681,13.45,
2015-08-25 15:15:46.182080,1440530146.18,4525.62891916,7356.3954501,49.686,13.45,
2015-08-25 15:15:46.224667,1440530146.22,4525.62891916,7356.3954501,49.686,13.36,
2015-08-25 15:15:46.261194,1440530146.26,4525.62891916,7356.3954501,49.686,13.36,
2015-08-25 15:15:46.301694,1440530146.3,4525.62912012,7356.39554525,49.66,13.09,
2015-08-25 15:15:46.342585,1440530146.34,4525.62912012,7356.39554525,49.66,13.09,
2015-08-25 15:15:46.380958,1440530146.38,4525.62930081,7356.3956632,49.677,13.09,
2015-08-25 15:15:46.424724,1440530146.42,4525.62930081,7356.3956632,49.677,13.05,
2015-08-25 15:15:46.461546,1440530146.46,4525.62930081,7356.3956632,49.677,13.05,
2015-08-25 15:15:46.500885,1440530146.5,4525.62950129,7356.39576155,49.694,12.95,
2015-08-25 15:15:46.541786,1440530146.54,4525.62950129,7356.39576155,49.694,12.95,
2015-08-25 15:15:46.583055,1440530146.58,4525.62967597,7356.39587692,49.652,12.95,
2015-08-25 15:15:46.620898,1440530146.62,4525.62967597,7356.39587692,49.652,12.8,
2015-08-25 15:15:46.662429,1440530146.66,4525.62967597,7356.39587692,49.652,12.8,
2015-08-25 15:15:46.702797,1440530146.7,4525.62986384,7356.39597553,49.678,12.72,
2015-08-25 15:15:46.746184,1440530146.75,4525.62986384,7356.39597553,49.678,12.72,
2015-08-25 15:15:46.782582,1440530146.78,4525.63002752,7356.3960887,49.711,12.72,
2015-08-25 15:15:46.822332,1440530146.82,4525.63002752,7356.3960887,49.711,12.47,
2015-08-25 15:15:46.861007,1440530146.86,4525.63002752,7356.3960887,49.711,12.47,
2015-08-25 15:15:46.902435,1440530146.9,4525.63019131,7356.39620062,49.743,12.25,
2015-08-25 15:15:46.942460,1440530146.94,4525.63019131,7356.39620062,49.743,12.25,
2015-08-25 15:15:46.982363,1440530146.98,4525.63035764,7356.39630446,49.755,12.25,
2015-08-25 15:15:47.021842,1440530147.02,4525.63035764,7356.39630446,49.755,12.08,
2015-08-25 15:15:47.062538,1440530147.06,4525.63035764,7356.39630446,49.755,12.08,
2015-08-25 15:15:47.106382,1440530147.11,4525.6304969,7356.39645139,49.767,11.92,
2015-08-25 15:15:47.143878,1440530147.14,4525.6304969,7356.39645139,49.767,11.92,
2015-08-25 15:15:47.182667,1440530147.18,4525.63065527,7356.39655202,49.791,11.92,
2015-08-25 15:15:47.222448,1440530147.22,4525.63065527,7356.39655202,49.791,11.69,
2015-08-25 15:15:47.261050,1440530147.26,4525.63065527,7356.39655202,49.791,11.69,
2015-08-25 15:15:47.302128,1440530147.3,4525.63076592,7356.39670385,49.838,11.56,
2015-08-25 15:15:47.346147,1440530147.35,4525.63076592,7356.39670385,49.838,11.56,
2015-08-25 15:15:47.382227,1440530147.38,4525.63091254,7356.39681927,49.865,11.56,
2015-08-25 15:15:47.422300,1440530147.42,4525.63091254,7356.39681927,49.865,11.33,
2015-08-25 15:15:47.461644,1440530147.46,4525.63091254,7356.39681927,49.865,11.33,
2015-08-25 15:15:47.505677,1440530147.51,4525.63102389,7356.39696246,49.878,11.22,
2015-08-25 15:15:47.543135,1440530147.54,4525.63102389,7356.39696246,49.878,11.22,
2015-08-25 15:15:47.586294,1440530147.59,4525.63118682,7356.39705273,49.788,11.22,
2015-08-25 15:15:47.624961,1440530147.62,4525.63118682,7356.39705273,49.788,11.16,
2015-08-25 15:15:47.662814,1440530147.66,4525.63118682,7356.39705273,49.788,11.16,
2015-08-25 15:15:47.700747,1440530147.7,4525.63131022,7356.39715038,49.762,11.05,
2015-08-25 15:15:47.746435,1440530147.75,4525.63131022,7356.39715038,49.762,11.05,
2015-08-25 15:15:47.784585,1440530147.78,4525.63145759,7356.39726357,49.752,11.05,
2015-08-25 15:15:47.820552,1440530147.82,4525.63145759,7356.39726357,49.752,10.98,
2015-08-25 15:15:47.862213,1440530147.86,4525.63145759,7356.39726357,49.752,10.98,
2015-08-25 15:15:47.902771,1440530147.9,4525.6316091,7356.39733459,49.78,10.88,
2015-08-25 15:15:47.942286,1440530147.94,4525.6316091,7356.39733459,49.78,10.88,
2015-08-25 15:15:47.983391,1440530147.98,4525.63176044,7356.39742965,49.789,10.88,
2015-08-25 15:15:48.022397,1440530148.02,4525.63176044,7356.39742965,49.789,10.82,
2015-08-25 15:15:48.060926,1440530148.06,4525.63176044,7356.39742965,49.789,10.82,
2015-08-25 15:15:48.106697,1440530148.11,4525.63190262,7356.39751422,49.837,10.71,
2015-08-25 15:15:48.141233,1440530148.14,4525.63190262,7356.39751422,49.837,10.71,
2015-08-25 15:15:48.185734,1440530148.19,4525.63204106,7356.39760285,49.823,10.71,
2015-08-25 15:15:48.222005,1440530148.22,4525.63204106,7356.39760285,49.823,10.42,
2015-08-25 15:15:48.265107,1440530148.27,4525.63204106,7356.39760285,49.823,10.42,
2015-08-25 15:15:48.300458,1440530148.3,4525.63217337,7356.39769945,49.854,10.26,
2015-08-25 15:15:48.343118,1440530148.34,4525.63217337,7356.39769945,49.854,10.26,
2015-08-25 15:15:48.383486,1440530148.38,4525.63230452,7356.39779494,49.891,10.26,
2015-08-25 15:15:48.421121,1440530148.42,4525.63230452,7356.39779494,49.891,10.06,
2015-08-25 15:15:48.461466,1440530148.46,4525.63230452,7356.39779494,49.891,10.06,
2015-08-25 15:15:48.504878,1440530148.5,4525.63242164,7356.39788618,49.913,9.94,
2015-08-25 15:15:48.542587,1440530148.54,4525.63242164,7356.39788618,49.913,9.94,
2015-08-25 15:15:48.581609,1440530148.58,4525.63255768,7356.39799075,49.917,9.94,
2015-08-25 15:15:48.622825,1440530148.62,4525.63255768,7356.39799075,49.917,9.98,
2015-08-25 15:15:48.662109,1440530148.66,4525.63255768,7356.39799075,49.917,9.98,
2015-08-25 15:15:48.706740,1440530148.71,4525.63267512,7356.39811417,49.936,10.03,
2015-08-25 15:15:48.744819,1440530148.74,4525.63267512,7356.39811417,49.936,10.03,
2015-08-25 15:15:48.781107,1440530148.78,4525.63282145,7356.39819291,49.958,10.03,
2015-08-25 15:15:48.821236,1440530148.82,4525.63282145,7356.39819291,49.958,10.06,
2015-08-25 15:15:48.862748,1440530148.86,4525.63282145,7356.39819291,49.958,10.06,
2015-08-25 15:15:48.901709,1440530148.9,4525.63294758,7356.39829371,49.99,10.06,
2015-08-25 15:15:48.941158,1440530148.94,4525.63294758,7356.39829371,49.99,10.06,
2015-08-25 15:15:48.982736,1440530148.98,4525.63308842,7356.39837247,49.961,10.06,
2015-08-25 15:15:49.026184,1440530149.03,4525.63308842,7356.39837247,49.961,9.98,
2015-08-25 15:15:49.061035,1440530149.06,4525.63308842,7356.39837247,49.961,9.98,
2015-08-25 15:15:49.104806,1440530149.1,4525.63321781,7356.3984503,49.967,9.8,
2015-08-25 15:15:49.140430,1440530149.14,4525.63321781,7356.3984503,49.967,9.8,
2015-08-25 15:15:49.182059,1440530149.18,4525.63335107,7356.39852667,49.976,9.8,
2015-08-25 15:15:49.221172,1440530149.22,4525.63335107,7356.39852667,49.976,9.67,
2015-08-25 15:15:49.260592,1440530149.26,4525.63335107,7356.39852667,49.976,9.67,
2015-08-25 15:15:49.301934,1440530149.3,4525.63346267,7356.39861767,49.994,9.34,
2015-08-25 15:15:49.342681,1440530149.34,4525.63346267,7356.39861767,49.994,9.34,
2015-08-25 15:15:49.380868,1440530149.38,4525.63359659,7356.39870199,49.935,9.34,
2015-08-25 15:15:49.421666,1440530149.42,4525.63359659,7356.39870199,49.935,9.33,
2015-08-25 15:15:49.462521,1440530149.46,4525.63359659,7356.39870199,49.935,9.33,
2015-08-25 15:15:49.500601,1440530149.5,4525.63370608,7356.39879076,49.915,9.28,
2015-08-25 15:15:49.545828,1440530149.55,4525.63370608,7356.39879076,49.915,9.28,
2015-08-25 15:15:49.582196,1440530149.58,4525.63382022,7356.39887123,49.967,9.28,
2015-08-25 15:15:49.620840,1440530149.62,4525.63382022,7356.39887123,49.967,9.01,
2015-08-25 15:15:49.661091,1440530149.66,4525.63382022,7356.39887123,49.967,9.01,
2015-08-25 15:15:49.704307,1440530149.7,4525.63392401,7356.39894955,49.995,8.92,
2015-08-25 15:15:49.740661,1440530149.74,4525.63392401,7356.39894955,49.995,8.92,
2015-08-25 15:15:49.781923,1440530149.78,4525.63403496,7356.39903416,50.003,8.92,
2015-08-25 15:15:49.822547,1440530149.82,4525.63403496,7356.39903416,50.003,8.67,
2015-08-25 15:15:49.865851,1440530149.87,4525.63403496,7356.39903416,50.003,8.67,
2015-08-25 15:15:49.906222,1440530149.91,4525.63417184,7356.39909052,50.064,8.42,
2015-08-25 15:15:49.942635,1440530149.94,4525.63417184,7356.39909052,50.064,8.42,
2015-08-25 15:15:49.980693,1440530149.98,4525.63429342,7356.39916287,50.032,8.42,
2015-08-25 15:15:50.022570,1440530150.02,4525.63429342,7356.39916287,50.032,8.38,
2015-08-25 15:15:50.062266,1440530150.06,4525.63429342,7356.39916287,50.032,8.38,
2015-08-25 15:15:50.105562,1440530150.11,4525.63443187,7356.39922111,50.045,8.24,
2015-08-25 15:15:50.141599,1440530150.14,4525.63443187,7356.39922111,50.045,8.24,
2015-08-25 15:15:50.183343,1440530150.18,4525.63453167,7356.39929346,50.081,8.24,
2015-08-25 15:15:50.220801,1440530150.22,4525.63453167,7356.39929346,50.081,7.9,
2015-08-25 15:15:50.262695,1440530150.26,4525.63453167,7356.39929346,50.081,7.9,
2015-08-25 15:15:50.302074,1440530150.3,4525.63461451,7356.39932457,50.157,7.71,
2015-08-25 15:15:50.342382,1440530150.34,4525.63461451,7356.39932457,50.157,7.71,
2015-08-25 15:15:50.381160,1440530150.38,4525.6347162,7356.39940531,50.173,7.71,
2015-08-25 15:15:50.422021,1440530150.42,4525.6347162,7356.39940531,50.173,7.62,
2015-08-25 15:15:50.466294,1440530150.47,4525.6347162,7356.39940531,50.173,7.62,
2015-08-25 15:15:50.505490,1440530150.51,4525.63479837,7356.39947976,50.236,7.46,
2015-08-25 15:15:50.542363,1440530150.54,4525.63479837,7356.39947976,50.236,7.46,
2015-08-25 15:15:50.580614,1440530150.58,4525.63490048,7356.39954059,50.237,7.46,
2015-08-25 15:15:50.621632,1440530150.62,4525.63490048,7356.39954059,50.237,7.28,
2015-08-25 15:15:50.663275,1440530150.66,4525.63490048,7356.39954059,50.237,7.28,
2015-08-25 15:15:50.701444,1440530150.7,4525.63499407,7356.3996071,50.275,7.17,
2015-08-25 15:15:50.745313,1440530150.75,4525.63499407,7356.3996071,50.275,7.17,
2015-08-25 15:15:50.781838,1440530150.78,4525.63510043,7356.39966348,50.265,7.17,
2015-08-25 15:15:50.820546,1440530150.82,4525.63510043,7356.39966348,50.265,7.13,
2015-08-25 15:15:50.863494,1440530150.86,4525.63510043,7356.39966348,50.265,7.13,
2015-08-25 15:15:50.902037,1440530150.9,4525.63520488,7356.39971959,50.297,7.07,
2015-08-25 15:15:50.940504,1440530150.94,4525.63520488,7356.39971959,50.297,7.07,
2015-08-25 15:15:50.985855,1440530150.99,4525.63530865,7356.39978178,50.282,7.07,
2015-08-25 15:15:51.022384,1440530151.02,4525.63530865,7356.39978178,50.282,7.09,
2015-08-25 15:15:51.061447,1440530151.06,4525.63530865,7356.39978178,50.282,7.09,
2015-08-25 15:15:51.101489,1440530151.1,4525.6354223,7356.39985503,50.296,7.06,
2015-08-25 15:15:51.142496,1440530151.14,4525.6354223,7356.39985503,50.296,7.06,
2015-08-25 15:15:51.180938,1440530151.18,4525.6355036,7356.3999162,50.295,7.06,
2015-08-25 15:15:51.225784,1440530151.23,4525.6355036,7356.3999162,50.295,6.67,
2015-08-25 15:15:51.262989,1440530151.26,4525.6355036,7356.3999162,50.295,6.67,
2015-08-25 15:15:51.300545,1440530151.3,4525.63559565,7356.39999154,50.333,6.48,
2015-08-25 15:15:51.342210,1440530151.34,4525.63559565,7356.39999154,50.333,6.48,
2015-08-25 15:15:51.382806,1440530151.38,4525.63568069,7356.40004475,50.366,6.48,
2015-08-25 15:15:51.426208,1440530151.43,4525.63568069,7356.40004475,50.366,6.32,
2015-08-25 15:15:51.465470,1440530151.47,4525.63568069,7356.40004475,50.366,6.32,
2015-08-25 15:15:51.501741,1440530151.5,4525.63575486,7356.4000777,50.439,5.93,
2015-08-25 15:15:51.540738,1440530151.54,4525.63575486,7356.4000777,50.439,5.93,
2015-08-25 15:15:51.586084,1440530151.59,4525.63583127,7356.40013206,50.432,5.93,
2015-08-25 15:15:51.620917,1440530151.62,4525.63583127,7356.40013206,50.432,5.68,
2015-08-25 15:15:51.661021,1440530151.66,4525.63583127,7356.40013206,50.432,5.68,
2015-08-25 15:15:51.701335,1440530151.7,4525.63591367,7356.40016008,50.446,5.6,
2015-08-25 15:15:51.742207,1440530151.74,4525.63591367,7356.40016008,50.446,5.6,
2015-08-25 15:15:51.782051,1440530151.78,4525.63600699,7356.40021469,50.389,5.6,
2015-08-25 15:15:51.820991,1440530151.82,4525.63600699,7356.40021469,50.389,5.71,
2015-08-25 15:15:51.862519,1440530151.86,4525.63600699,7356.40021469,50.389,5.71,
2015-08-25 15:15:51.900807,1440530151.9,4525.63608559,7356.40025464,50.391,5.6,
2015-08-25 15:15:51.946122,1440530151.95,4525.63608559,7356.40025464,50.391,5.6,
2015-08-25 15:15:51.982574,1440530151.98,4525.63615986,7356.40029893,50.398,5.6,
2015-08-25 15:15:52.020760,1440530152.02,4525.63615986,7356.40029893,50.398,5.45,
2015-08-25 15:15:52.066373,1440530152.07,4525.63615986,7356.40029893,50.398,5.45,
2015-08-25 15:15:52.102058,1440530152.1,4525.63622443,7356.4003553,50.389,5.31,
2015-08-25 15:15:52.140819,1440530152.14,4525.63622443,7356.4003553,50.389,5.31,
2015-08-25 15:15:52.186329,1440530152.19,4525.63629496,7356.40040824,50.37,5.31,
2015-08-25 15:15:52.221754,1440530152.22,4525.63629496,7356.40040824,50.37,5.2,
2015-08-25 15:15:52.261070,1440530152.26,4525.63629496,7356.40040824,50.37,5.2,
2015-08-25 15:15:52.302271,1440530152.3,4525.63635683,7356.40046153,50.356,5.11,
2015-08-25 15:15:52.344329,1440530152.34,4525.63635683,7356.40046153,50.356,5.11,
2015-08-25 15:15:52.380613,1440530152.38,4525.63641485,7356.40052464,50.367,5.11,
2015-08-25 15:15:52.421503,1440530152.42,4525.63641485,7356.40052464,50.367,5.0,
2015-08-25 15:15:52.464737,1440530152.46,4525.63641485,7356.40052464,50.367,5.0,
2015-08-25 15:15:52.500470,1440530152.5,4525.63644152,7356.40057303,50.428,4.86,
2015-08-25 15:15:52.542200,1440530152.54,4525.63644152,7356.40057303,50.428,4.86,
2015-08-25 15:15:52.584471,1440530152.58,4525.63650335,7356.40061865,50.424,4.86,
2015-08-25 15:15:52.620737,1440530152.62,4525.63650335,7356.40061865,50.424,4.71,
2015-08-25 15:15:52.666603,1440530152.67,4525.63650335,7356.40061865,50.424,4.71,
2015-08-25 15:15:52.700857,1440530152.7,4525.63653444,7356.40066721,50.488,4.48,
2015-08-25 15:15:52.740792,1440530152.74,4525.63653444,7356.40066721,50.488,4.48,
2015-08-25 15:15:52.786782,1440530152.79,4525.63659838,7356.40069528,50.48,4.48,
2015-08-25 15:15:52.821780,1440530152.82,4525.63659838,7356.40069528,50.48,4.3,
2015-08-25 15:15:52.860810,1440530152.86,4525.63659838,7356.40069528,50.48,4.3,
2015-08-25 15:15:52.906020,1440530152.91,4525.63660684,7356.40077516,50.484,4.17,
2015-08-25 15:15:52.941605,1440530152.94,4525.63660684,7356.40077516,50.484,4.17,
2015-08-25 15:15:52.980822,1440530152.98,4525.63666481,7356.40080769,50.535,4.17,
2015-08-25 15:15:53.026035,1440530153.03,4525.63666481,7356.40080769,50.535,4.08,
2015-08-25 15:15:53.061785,1440530153.06,4525.63666481,7356.40080769,50.535,4.08,
2015-08-25 15:15:53.100752,1440530153.1,4525.63668417,7356.40084412,50.589,3.89,
2015-08-25 15:15:53.146261,1440530153.15,4525.63668417,7356.40084412,50.589,3.89,
2015-08-25 15:15:53.184211,1440530153.18,4525.63673906,7356.40088546,50.63,3.89,
2015-08-25 15:15:53.220758,1440530153.22,4525.63673906,7356.40088546,50.63,3.91,
2015-08-25 15:15:53.266815,1440530153.27,4525.63673906,7356.40088546,50.63,3.91,
2015-08-25 15:15:53.301038,1440530153.3,4525.63678951,7356.40090667,50.676,3.8,
2015-08-25 15:15:53.340763,1440530153.34,4525.63678951,7356.40090667,50.676,3.8,
2015-08-25 15:15:53.387008,1440530153.39,4525.6368326,7356.40094195,50.681,3.8,
2015-08-25 15:15:53.421061,1440530153.42,4525.6368326,7356.40094195,50.681,3.55,
2015-08-25 15:15:53.460915,1440530153.46,4525.6368326,7356.40094195,50.681,3.55,
2015-08-25 15:15:53.505740,1440530153.51,4525.63686979,7356.4009935,50.727,3.54,
2015-08-25 15:15:53.541409,1440530153.54,4525.63686979,7356.4009935,50.727,3.54,
2015-08-25 15:15:53.580894,1440530153.58,4525.63692469,7356.40102282,50.764,3.54,
2015-08-25 15:15:53.621605,1440530153.62,4525.63692469,7356.40102282,50.764,3.57,
2015-08-25 15:15:53.662305,1440530153.66,4525.63692469,7356.40102282,50.764,3.57,
2015-08-25 15:15:53.700714,1440530153.7,4525.63696257,7356.40106156,50.8,3.46,
2015-08-25 15:15:53.746087,1440530153.75,4525.63696257,7356.40106156,50.8,3.46,
2015-08-25 15:15:53.781942,1440530153.78,4525.63701861,7356.401072,50.834,3.46,
2015-08-25 15:15:53.820740,1440530153.82,4525.63701861,7356.401072,50.834,3.42,
2015-08-25 15:15:53.866324,1440530153.87,4525.63701861,7356.401072,50.834,3.42,
2015-08-25 15:15:53.902124,1440530153.9,4525.63707001,7356.40109717,50.87,3.49,
2015-08-25 15:15:53.940787,1440530153.94,4525.63707001,7356.40109717,50.87,3.49,
2015-08-25 15:15:53.986328,1440530153.99,4525.63711512,7356.40112617,50.896,3.49,
2015-08-25 15:15:54.024008,1440530154.02,4525.63711512,7356.40112617,50.896,3.41,
2015-08-25 15:15:54.060858,1440530154.06,4525.63711512,7356.40112617,50.896,3.41,
2015-08-25 15:15:54.102186,1440530154.1,4525.6371665,7356.40115009,50.934,3.48,
2015-08-25 15:15:54.144213,1440530154.14,4525.6371665,7356.40115009,50.934,3.48,
2015-08-25 15:15:54.181203,1440530154.18,4525.63721108,7356.4011816,50.952,3.48,
2015-08-25 15:15:54.221049,1440530154.22,4525.63721108,7356.4011816,50.952,3.4,
2015-08-25 15:15:54.264787,1440530154.26,4525.63721108,7356.4011816,50.952,3.4,
2015-08-25 15:15:54.296926,1440530154.3,4525.63724836,7356.40122482,50.979,3.38,
2015-08-25 15:15:54.336743,1440530154.34,4525.63724836,7356.40122482,50.979,3.38,
2015-08-25 15:15:54.378012,1440530154.38,4525.63729332,7356.40125787,51.028,3.38,
2015-08-25 15:15:54.417747,1440530154.42,4525.63729332,7356.40125787,51.028,3.37,
2015-08-25 15:15:54.456959,1440530154.46,4525.63729332,7356.40125787,51.028,3.37,
2015-08-25 15:15:54.502729,1440530154.5,4525.63735229,7356.40124799,51.027,3.43,
2015-08-25 15:15:54.538855,1440530154.54,4525.63735229,7356.40124799,51.027,3.43,
2015-08-25 15:15:54.582351,1440530154.58,4525.63738715,7356.40128299,51.1,3.43,
2015-08-25 15:15:54.622183,1440530154.62,4525.63738715,7356.40128299,51.1,3.23,
2015-08-25 15:15:54.661023,1440530154.66,4525.63738715,7356.40128299,51.1,3.23,
2015-08-25 15:15:54.696853,1440530154.7,4525.63736881,7356.40133938,51.242,3.18,
2015-08-25 15:15:54.741841,1440530154.74,4525.63736881,7356.40133938,51.242,3.18,
2015-08-25 15:15:54.781001,1440530154.78,4525.63741921,7356.40136924,51.242,3.18,
2015-08-25 15:15:54.818643,1440530154.82,4525.63741921,7356.40136924,51.242,3.28,
2015-08-25 15:15:54.856981,1440530154.86,4525.63741921,7356.40136924,51.242,3.28,
2015-08-25 15:15:54.902290,1440530154.9,4525.63738008,7356.40149624,51.353,3.28,
2015-08-25 15:15:54.938330,1440530154.94,4525.63738008,7356.40149624,51.353,3.28,
2015-08-25 15:15:54.982609,1440530154.98,4525.63741296,7356.40151978,51.337,3.28,
2015-08-25 15:15:55.017047,1440530155.02,4525.63741296,7356.40151978,51.337,2.99,
2015-08-25 15:15:55.056997,1440530155.06,4525.63741296,7356.40151978,51.337,2.99,
2015-08-25 15:15:55.102030,1440530155.1,4525.63744503,7356.40154661,51.343,3.06,
2015-08-25 15:15:55.137601,1440530155.14,4525.63744503,7356.40154661,51.343,3.06,
2015-08-25 15:15:55.176888,1440530155.18,4525.63744503,7356.40154661,51.343,3.06,
2015-08-25 15:15:55.217438,1440530155.22,4525.63748108,7356.40157437,51.35,2.9,
2015-08-25 15:15:55.258257,1440530155.26,4525.63748108,7356.40157437,51.35,2.9,
2015-08-25 15:15:55.298054,1440530155.3,4525.63752349,7356.40161505,51.353,2.82,
2015-08-25 15:15:55.336943,1440530155.34,4525.63752349,7356.40161505,51.353,2.82,
2015-08-25 15:15:55.380636,1440530155.38,4525.63755708,7356.40163753,51.376,2.82,
2015-08-25 15:15:55.416604,1440530155.42,4525.63755708,7356.40163753,51.376,2.61,
2015-08-25 15:15:55.458104,1440530155.46,4525.63755708,7356.40163753,51.376,2.61,
2015-08-25 15:15:55.500731,1440530155.5,4525.63760715,7356.40161791,51.419,2.44,
2015-08-25 15:15:55.536685,1440530155.54,4525.63760715,7356.40161791,51.419,2.44,
2015-08-25 15:15:55.577855,1440530155.58,4525.6376417,7356.40164313,51.448,2.44,
2015-08-25 15:15:55.618089,1440530155.62,4525.6376417,7356.40164313,51.448,2.42,
2015-08-25 15:15:55.656563,1440530155.66,4525.6376417,7356.40164313,51.448,2.42,
2015-08-25 15:15:55.701766,1440530155.7,4525.63768191,7356.40161899,51.483,2.27,
2015-08-25 15:15:55.738180,1440530155.74,4525.63768191,7356.40161899,51.483,2.27,
2015-08-25 15:15:55.776622,1440530155.78,4525.63768191,7356.40161899,51.483,2.27,
2015-08-25 15:15:55.817239,1440530155.82,4525.63770724,7356.40164009,51.502,2.09,
2015-08-25 15:15:55.858213,1440530155.86,4525.63770724,7356.40164009,51.502,2.09,
2015-08-25 15:15:55.897920,1440530155.9,4525.63774033,7356.40161599,51.541,1.91,
2015-08-25 15:15:55.936845,1440530155.94,4525.63774033,7356.40161599,51.541,1.91,
2015-08-25 15:15:55.978501,1440530155.98,4525.63776644,7356.40162964,51.565,1.91,
2015-08-25 15:15:56.016724,1440530156.02,4525.63776644,7356.40162964,51.565,1.8,
2015-08-25 15:15:56.061590,1440530156.06,4525.63776644,7356.40162964,51.565,1.8,
2015-08-25 15:15:56.097849,1440530156.1,4525.63779074,7356.40162475,51.62,1.57,
2015-08-25 15:15:56.136784,1440530156.14,4525.63779074,7356.40162475,51.62,1.57,
2015-08-25 15:15:56.177833,1440530156.18,4525.63781171,7356.4016371,51.607,1.57,
2015-08-25 15:15:56.218211,1440530156.22,4525.63781171,7356.4016371,51.607,1.43,
2015-08-25 15:15:56.256744,1440530156.26,4525.63781171,7356.4016371,51.607,1.43,
2015-08-25 15:15:56.301700,1440530156.3,4525.63785277,7356.40161765,51.625,1.27,
2015-08-25 15:15:56.336990,1440530156.34,4525.63785277,7356.40161765,51.625,1.27,
2015-08-25 15:15:56.376849,1440530156.38,4525.63785277,7356.40161765,51.625,1.27,
2015-08-25 15:15:56.421773,1440530156.42,4525.63787141,7356.40162744,51.63,1.19,
2015-08-25 15:15:56.459984,1440530156.46,4525.63787141,7356.40162744,51.63,1.19,
2015-08-25 15:15:56.502168,1440530156.5,4525.63785533,7356.4016286,51.654,1.08,
2015-08-25 15:15:56.537196,1440530156.54,4525.63785533,7356.4016286,51.654,1.08,
2015-08-25 15:15:56.580879,1440530156.58,4525.63786441,7356.40163771,51.659,1.08,
2015-08-25 15:15:56.616733,1440530156.62,4525.63786441,7356.40163771,51.659,0.87,
2015-08-25 15:15:56.658190,1440530156.66,4525.63786441,7356.40163771,51.659,0.87,
2015-08-25 15:15:56.698289,1440530156.7,4525.63785211,7356.4016441,51.719,0.78,
2015-08-25 15:15:56.738396,1440530156.74,4525.63785211,7356.4016441,51.719,0.78,
2015-08-25 15:15:56.778503,1440530156.78,4525.63787076,7356.40165057,51.689,0.78,
2015-08-25 15:15:56.818073,1440530156.82,4525.63787076,7356.40165057,51.689,0.83,
2015-08-25 15:15:56.856739,1440530156.86,4525.63787076,7356.40165057,51.689,0.83,
2015-08-25 15:15:56.897756,1440530156.9,4525.63788275,7356.40165355,51.754,0.72,
2015-08-25 15:15:56.938056,1440530156.94,4525.63788275,7356.40165355,51.754,0.72,
2015-08-25 15:15:56.976616,1440530156.98,4525.63788275,7356.40165355,51.754,0.72,
2015-08-25 15:15:57.017424,1440530157.02,4525.63789309,7356.40165907,51.748,0.65,
2015-08-25 15:15:57.057929,1440530157.06,4525.63789309,7356.40165907,51.748,0.65,
2015-08-25 15:15:57.098439,1440530157.1,4525.63791766,7356.40165024,51.806,0.58,
2015-08-25 15:15:57.138362,1440530157.14,4525.63791766,7356.40165024,51.806,0.58,
2015-08-25 15:15:57.177962,1440530157.18,4525.63792274,7356.4016559,51.803,0.58,
2015-08-25 15:15:57.216639,1440530157.22,4525.63792274,7356.4016559,51.803,0.47,
2015-08-25 15:15:57.257914,1440530157.26,4525.63792274,7356.4016559,51.803,0.47,
2015-08-25 15:15:57.298071,1440530157.3,4525.63791726,7356.40164151,51.86,0.34,
2015-08-25 15:15:57.419346,1440530157.42,4525.63792261,7356.40164473,51.856,0.29,
2015-08-25 15:15:57.431997,1440530157.43,4525.63792261,7356.40164473,51.856,0.29,
2015-08-25 15:15:57.444842,1440530157.44,4525.63792261,7356.40164473,51.856,0.29,
2015-08-25 15:15:57.458792,1440530157.46,4525.63792261,7356.40164473,51.856,0.29,
2015-08-25 15:15:57.496878,1440530157.5,4525.63791183,7356.40163148,51.907,0.16,
2015-08-25 15:15:57.538032,1440530157.54,4525.63791183,7356.40163148,51.907,0.16,
2015-08-25 15:15:57.576905,1440530157.58,4525.63791183,7356.40163148,51.907,0.16,
2015-08-25 15:15:57.617597,1440530157.62,4525.63791209,7356.40163352,51.901,0.07,
2015-08-25 15:15:57.655210,1440530157.66,4525.63791209,7356.40163352,51.901,0.07,
2015-08-25 15:15:57.695420,1440530157.7,4525.63790404,7356.40162264,51.953,0.06,
2015-08-25 15:15:57.735244,1440530157.74,4525.63790404,7356.40162264,51.953,0.06,
2015-08-25 15:15:57.775285,1440530157.78,4525.63790404,7356.40162264,51.953,0.06,
2015-08-25 15:15:57.815318,1440530157.82,4525.63790113,7356.40162249,51.96,0.16,
2015-08-25 15:15:57.855186,1440530157.86,4525.63790113,7356.40162249,51.96,0.16,
2015-08-25 15:15:57.895413,1440530157.9,4525.63781731,7356.40161458,52.031,0.23,
2015-08-25 15:15:57.935263,1440530157.94,4525.63781731,7356.40161458,52.031,0.23,
2015-08-25 15:15:57.976797,1440530157.98,4525.63781731,7356.40161458,52.031,0.23,
2015-08-25 15:15:58.017529,1440530158.02,4525.63781814,7356.40161237,52.035,0.21,
2015-08-25 15:15:58.055420,1440530158.06,4525.63781814,7356.40161237,52.035,0.21,
2015-08-25 15:15:58.098558,1440530158.1,4525.63774793,7356.40160162,52.103,0.24,
2015-08-25 15:15:58.137912,1440530158.14,4525.63774793,7356.40160162,52.103,0.24,
2015-08-25 15:15:58.176915,1440530158.18,4525.63774793,7356.40160162,52.103,0.24,
2015-08-25 15:15:58.221922,1440530158.22,4525.63775146,7356.4015991,52.102,0.16,
2015-08-25 15:15:58.256941,1440530158.26,4525.63775146,7356.4015991,52.102,0.16,
2015-08-25 15:15:58.296846,1440530158.3,4525.6377341,7356.40158856,52.15,0.14,
2015-08-25 15:15:58.341822,1440530158.34,4525.6377341,7356.40158856,52.15,0.14,
2015-08-25 15:15:58.377403,1440530158.38,4525.6377341,7356.40158856,52.15,0.14,
2015-08-25 15:15:58.417376,1440530158.42,4525.63773156,7356.40158839,52.156,0.16,
2015-08-25 15:15:58.457641,1440530158.46,4525.63773156,7356.40158839,52.156,0.16,
2015-08-25 15:15:58.500741,1440530158.5,4525.63772296,7356.40157923,52.195,0.1,
2015-08-25 15:15:58.536829,1440530158.54,4525.63772296,7356.40157923,52.195,0.1,
2015-08-25 15:15:58.582645,1440530158.58,4525.63772339,7356.40157696,52.199,0.1,
2015-08-25 15:15:58.617984,1440530158.62,4525.63772339,7356.40157696,52.199,0.09,
2015-08-25 15:15:58.657586,1440530158.66,4525.63772339,7356.40157696,52.199,0.09,
2015-08-25 15:15:58.697031,1440530158.7,4525.63771636,7356.40156886,52.242,0.08,
2015-08-25 15:15:58.738259,1440530158.74,4525.63771636,7356.40156886,52.242,0.08,
2015-08-25 15:15:58.776643,1440530158.78,4525.63771636,7356.40156886,52.242,0.08,
2015-08-25 15:15:58.822163,1440530158.82,4525.63771611,7356.40156955,52.245,0.06,
2015-08-25 15:15:58.860954,1440530158.86,4525.63771611,7356.40156955,52.245,0.06,
2015-08-25 15:15:58.896458,1440530158.9,4525.63771165,7356.40156246,52.292,0.08,
2015-08-25 15:15:58.937489,1440530158.94,4525.63771165,7356.40156246,52.292,0.08,
2015-08-25 15:15:58.978485,1440530158.98,4525.63770934,7356.40156546,52.297,0.08,
2015-08-25 15:15:59.017251,1440530159.02,4525.63770934,7356.40156546,52.297,0.13,
2015-08-25 15:15:59.057437,1440530159.06,4525.63770934,7356.40156546,52.297,0.13,
2015-08-25 15:15:59.100719,1440530159.1,4525.63770226,7356.40156071,52.345,0.13,
2015-08-25 15:15:59.138525,1440530159.14,4525.63770226,7356.40156071,52.345,0.13,
2015-08-25 15:15:59.176997,1440530159.18,4525.63770226,7356.40156071,52.345,0.13,
2015-08-25 15:15:59.219260,1440530159.22,4525.63770239,7356.40156124,52.344,0.12,
2015-08-25 15:15:59.256756,1440530159.26,4525.63770239,7356.40156124,52.344,0.12,
2015-08-25 15:15:59.301764,1440530159.3,4525.63768614,7356.40155673,52.388,0.1,
2015-08-25 15:15:59.336884,1440530159.34,4525.63768614,7356.40155673,52.388,0.1,
2015-08-25 15:15:59.378169,1440530159.38,4525.63768502,7356.40155886,52.397,0.1,
2015-08-25 15:15:59.417430,1440530159.42,4525.63768502,7356.40155886,52.397,0.11,
2015-08-25 15:15:59.458692,1440530159.46,4525.63768502,7356.40155886,52.397,0.11,
2015-08-25 15:15:59.498445,1440530159.5,4525.63766462,7356.40155868,52.441,0.09,
2015-08-25 15:15:59.538350,1440530159.54,4525.63766462,7356.40155868,52.441,0.09,
2015-08-25 15:15:59.582718,1440530159.58,4525.63766585,7356.40156079,52.443,0.09,
2015-08-25 15:15:59.616515,1440530159.62,4525.63766585,7356.40156079,52.443,0.08,
2015-08-25 15:15:59.658188,1440530159.66,4525.63766585,7356.40156079,52.443,0.08,
2015-08-25 15:15:59.700733,1440530159.7,4525.63763125,7356.40156064,52.493,0.08,
2015-08-25 15:15:59.742384,1440530159.74,4525.63763125,7356.40156064,52.493,0.08,
2015-08-25 15:15:59.777778,1440530159.78,4525.63763058,7356.40155947,52.487,0.08,
2015-08-25 15:15:59.818207,1440530159.82,4525.63763058,7356.40155947,52.487,0.06,
2015-08-25 15:15:59.856514,1440530159.86,4525.63763058,7356.40155947,52.487,0.06,
2015-08-25 15:15:59.897785,1440530159.9,4525.63760151,7356.4015601,52.54,0.06,
2015-08-25 15:15:59.938207,1440530159.94,4525.63760151,7356.4015601,52.54,0.06,
2015-08-25 15:15:59.976599,1440530159.98,4525.63760151,7356.4015601,52.54,0.06,
2015-08-25 15:16:00.018330,1440530160.02,4525.63759991,7356.40156005,52.541,0.07,
2015-08-25 15:16:00.058129,1440530160.06,4525.63759991,7356.40156005,52.541,0.07,
2015-08-25 15:16:00.097958,1440530160.1,4525.63754004,7356.40156086,52.607,0.08,
2015-08-25 15:16:00.136571,1440530160.14,4525.63754004,7356.40156086,52.607,0.08,
2015-08-25 15:16:00.178504,1440530160.18,4525.63753901,7356.40156049,52.606,0.08,
2015-08-25 15:16:00.216674,1440530160.22,4525.63753901,7356.40156049,52.606,0.09,
2015-08-25 15:16:00.261528,1440530160.26,4525.63753901,7356.40156049,52.606,0.09,
2015-08-25 15:16:00.297265,1440530160.3,4525.63745729,7356.40152382,52.635,0.07,
2015-08-25 15:16:00.337264,1440530160.34,4525.63745729,7356.40152382,52.635,0.07,
2015-08-25 15:16:00.375383,1440530160.38,4525.63745729,7356.40152382,52.635,0.07,
2015-08-25 15:16:00.415830,1440530160.42,4525.63745502,7356.40152363,52.633,0.1,
2015-08-25 15:16:00.457342,1440530160.46,4525.63745502,7356.40152363,52.633,0.1,
2015-08-25 15:16:00.497681,1440530160.5,4525.63735797,7356.40151948,52.682,0.08,
2015-08-25 15:16:00.537935,1440530160.54,4525.63735797,7356.40151948,52.682,0.08,
2015-08-25 15:16:00.576811,1440530160.58,4525.63735797,7356.40151948,52.682,0.08,
2015-08-25 15:16:00.617159,1440530160.62,4525.63735568,7356.40152186,52.692,0.07,
2015-08-25 15:16:00.660637,1440530160.66,4525.63735568,7356.40152186,52.692,0.07,
2015-08-25 15:16:00.702320,1440530160.7,4525.63725833,7356.40152205,52.751,0.07,
2015-08-25 15:16:00.739072,1440530160.74,4525.63725833,7356.40152205,52.751,0.07,
2015-08-25 15:16:00.780835,1440530160.78,4525.63725889,7356.40152204,52.75,0.07,
2015-08-25 15:16:00.816288,1440530160.82,4525.63725889,7356.40152204,52.75,0.03,
2015-08-25 15:16:00.862385,1440530160.86,4525.63725889,7356.40152204,52.75,0.03,
2015-08-25 15:16:00.902417,1440530160.9,4525.63715941,7356.40152548,52.825,0.04,
2015-08-25 15:16:00.942266,1440530160.94,4525.63715941,7356.40152548,52.825,0.04,
2015-08-25 15:16:00.977889,1440530160.98,4525.63716147,7356.40152406,52.821,0.04,
2015-08-25 15:16:01.018178,1440530161.02,4525.63716147,7356.40152406,52.821,0.03,
2015-08-25 15:16:01.056461,1440530161.06,4525.63716147,7356.40152406,52.821,0.03,
2015-08-25 15:16:01.101534,1440530161.1,4525.63705076,7356.40153221,52.898,0.04,
2015-08-25 15:16:01.137402,1440530161.14,4525.63705076,7356.40153221,52.898,0.04,
2015-08-25 15:16:01.176646,1440530161.18,4525.63705076,7356.40153221,52.898,0.04,
2015-08-25 15:16:01.221126,1440530161.22,4525.63704942,7356.40153289,52.903,0.02,
2015-08-25 15:16:01.258145,1440530161.26,4525.63704942,7356.40153289,52.903,0.02,
2015-08-25 15:16:01.298418,1440530161.3,4525.63694437,7356.40154106,52.976,0.03,
2015-08-25 15:16:01.338214,1440530161.34,4525.63694437,7356.40154106,52.976,0.03,
2015-08-25 15:16:01.380338,1440530161.38,4525.6369436,7356.40153842,52.975,0.03,
2015-08-25 15:16:01.422189,1440530161.42,4525.6369436,7356.40153842,52.975,0.04,
2015-08-25 15:16:01.460603,1440530161.46,4525.6369436,7356.40153842,52.975,0.04,
